<?xml version="1.0" encoding="UTF-8"?>
<kernelsys>
  <blocosXAbas>
    <row id="1">
      <id>1</id>
      <abaid>1</abaid>
      <blocoid>1</blocoid>
      <ordem>1</ordem>
    </row>
    <row id="2">
      <id>2</id>
      <abaid>1</abaid>
      <blocoid>3</blocoid>
      <ordem>1</ordem>
    </row>
    <row id="3">
      <id>3</id>
      <abaid>2</abaid>
      <blocoid>12</blocoid>
      <ordem>1</ordem>
    </row>
    <row id="4">
      <id>4</id>
      <abaid>4</abaid>
      <blocoid>13</blocoid>
      <ordem>2</ordem>
    </row>
    <row id="5">
      <id>5</id>
      <abaid>1</abaid>
      <blocoid>2</blocoid>
      <ordem>1</ordem>
    </row>
    <row id="8">
      <id>8</id>
      <abaid>13</abaid>
      <blocoid>19</blocoid>
      <ordem></ordem>
    </row>
    <row id="9">
      <id>9</id>
      <abaid>14</abaid>
      <blocoid>16</blocoid>
      <ordem></ordem>
    </row>
    <row id="10">
      <id>10</id>
      <abaid>15</abaid>
      <blocoid>17</blocoid>
      <ordem></ordem>
    </row>
    <row id="11">
      <id>11</id>
      <abaid>16</abaid>
      <blocoid>18</blocoid>
      <ordem></ordem>
    </row>
    <row id="14">
      <id>14</id>
      <abaid>18</abaid>
      <blocoid>22</blocoid>
      <ordem></ordem>
    </row>
    <row id="15">
      <id>15</id>
      <abaid>19</abaid>
      <blocoid>23</blocoid>
      <ordem></ordem>
    </row>
    <row id="17">
      <id>17</id>
      <abaid>20</abaid>
      <blocoid>25</blocoid>
      <ordem>2</ordem>
    </row>
    <row id="18">
      <id>18</id>
      <abaid>21</abaid>
      <blocoid>26</blocoid>
      <ordem></ordem>
    </row>
    <row id="20">
      <id>20</id>
      <abaid>22</abaid>
      <blocoid>29</blocoid>
      <ordem></ordem>
    </row>
    <row id="21">
      <id>21</id>
      <abaid>23</abaid>
      <blocoid>30</blocoid>
      <ordem>1</ordem>
    </row>
    <row id="170">
      <id>170</id>
      <abaid>246</abaid>
      <blocoid>31</blocoid>
      <ordem>1</ordem>
    </row>
    <row id="25">
      <id>25</id>
      <abaid>26</abaid>
      <blocoid>34</blocoid>
      <ordem></ordem>
    </row>
    <row id="26">
      <id>26</id>
      <abaid>26</abaid>
      <blocoid>35</blocoid>
      <ordem></ordem>
    </row>
    <row id="27">
      <id>27</id>
      <abaid>26</abaid>
      <blocoid>36</blocoid>
      <ordem></ordem>
    </row>
    <row id="28">
      <id>28</id>
      <abaid>27</abaid>
      <blocoid>37</blocoid>
      <ordem></ordem>
    </row>
    <row id="29">
      <id>29</id>
      <abaid>28</abaid>
      <blocoid>38</blocoid>
      <ordem></ordem>
    </row>
    <row id="30">
      <id>30</id>
      <abaid>29</abaid>
      <blocoid>39</blocoid>
      <ordem></ordem>
    </row>
    <row id="31">
      <id>31</id>
      <abaid>30</abaid>
      <blocoid>40</blocoid>
      <ordem></ordem>
    </row>
    <row id="33">
      <id>33</id>
      <abaid>31</abaid>
      <blocoid>42</blocoid>
      <ordem>1</ordem>
    </row>
    <row id="41">
      <id>41</id>
      <abaid>34</abaid>
      <blocoid>46</blocoid>
      <ordem></ordem>
    </row>
    <row id="42">
      <id>42</id>
      <abaid>35</abaid>
      <blocoid>51</blocoid>
      <ordem></ordem>
    </row>
    <row id="44">
      <id>44</id>
      <abaid>22</abaid>
      <blocoid>53</blocoid>
      <ordem></ordem>
    </row>
    <row id="45">
      <id>45</id>
      <abaid>39</abaid>
      <blocoid>54</blocoid>
      <ordem>2</ordem>
    </row>
    <row id="47">
      <id>47</id>
      <abaid>42</abaid>
      <blocoid>56</blocoid>
      <ordem></ordem>
    </row>
    <row id="48">
      <id>48</id>
      <abaid>43</abaid>
      <blocoid>57</blocoid>
      <ordem></ordem>
    </row>
    <row id="49">
      <id>49</id>
      <abaid>43</abaid>
      <blocoid>58</blocoid>
      <ordem></ordem>
    </row>
    <row id="50">
      <id>50</id>
      <abaid>45</abaid>
      <blocoid>59</blocoid>
      <ordem></ordem>
    </row>
    <row id="51">
      <id>51</id>
      <abaid>46</abaid>
      <blocoid>60</blocoid>
      <ordem></ordem>
    </row>
    <row id="52">
      <id>52</id>
      <abaid>48</abaid>
      <blocoid>62</blocoid>
      <ordem></ordem>
    </row>
    <row id="53">
      <id>53</id>
      <abaid>49</abaid>
      <blocoid>63</blocoid>
      <ordem></ordem>
    </row>
    <row id="54">
      <id>54</id>
      <abaid>50</abaid>
      <blocoid>64</blocoid>
      <ordem></ordem>
    </row>
    <row id="55">
      <id>55</id>
      <abaid>50</abaid>
      <blocoid>65</blocoid>
      <ordem></ordem>
    </row>
    <row id="56">
      <id>56</id>
      <abaid>52</abaid>
      <blocoid>66</blocoid>
      <ordem></ordem>
    </row>
    <row id="57">
      <id>57</id>
      <abaid>71</abaid>
      <blocoid>166</blocoid>
      <ordem>2</ordem>
    </row>
    <row id="58">
      <id>58</id>
      <abaid>53</abaid>
      <blocoid>69</blocoid>
      <ordem></ordem>
    </row>
    <row id="59">
      <id>59</id>
      <abaid>54</abaid>
      <blocoid>70</blocoid>
      <ordem></ordem>
    </row>
    <row id="60">
      <id>60</id>
      <abaid>57</abaid>
      <blocoid>71</blocoid>
      <ordem></ordem>
    </row>
    <row id="61">
      <id>61</id>
      <abaid>58</abaid>
      <blocoid>77</blocoid>
      <ordem></ordem>
    </row>
    <row id="62">
      <id>62</id>
      <abaid>58</abaid>
      <blocoid>72</blocoid>
      <ordem></ordem>
    </row>
    <row id="63">
      <id>63</id>
      <abaid>59</abaid>
      <blocoid>74</blocoid>
      <ordem></ordem>
    </row>
    <row id="64">
      <id>64</id>
      <abaid>62</abaid>
      <blocoid>78</blocoid>
      <ordem></ordem>
    </row>
    <row id="66">
      <id>66</id>
      <abaid>58</abaid>
      <blocoid>73</blocoid>
      <ordem></ordem>
    </row>
    <row id="67">
      <id>67</id>
      <abaid>63</abaid>
      <blocoid>79</blocoid>
      <ordem></ordem>
    </row>
    <row id="68">
      <id>68</id>
      <abaid>62</abaid>
      <blocoid>80</blocoid>
      <ordem></ordem>
    </row>
    <row id="69">
      <id>69</id>
      <abaid>60</abaid>
      <blocoid>75</blocoid>
      <ordem></ordem>
    </row>
    <row id="70">
      <id>70</id>
      <abaid>65</abaid>
      <blocoid>81</blocoid>
      <ordem></ordem>
    </row>
    <row id="72">
      <id>72</id>
      <abaid>67</abaid>
      <blocoid>83</blocoid>
      <ordem></ordem>
    </row>
    <row id="73">
      <id>73</id>
      <abaid>68</abaid>
      <blocoid>84</blocoid>
      <ordem></ordem>
    </row>
    <row id="74">
      <id>74</id>
      <abaid>68</abaid>
      <blocoid>85</blocoid>
      <ordem></ordem>
    </row>
    <row id="75">
      <id>75</id>
      <abaid>68</abaid>
      <blocoid>86</blocoid>
      <ordem></ordem>
    </row>
    <row id="76">
      <id>76</id>
      <abaid>3</abaid>
      <blocoid>87</blocoid>
      <ordem>1</ordem>
    </row>
    <row id="77">
      <id>77</id>
      <abaid>3</abaid>
      <blocoid>89</blocoid>
      <ordem>2</ordem>
    </row>
    <row id="78">
      <id>78</id>
      <abaid>69</abaid>
      <blocoid>90</blocoid>
      <ordem></ordem>
    </row>
    <row id="79">
      <id>79</id>
      <abaid>71</abaid>
      <blocoid>91</blocoid>
      <ordem>1</ordem>
    </row>
    <row id="80">
      <id>80</id>
      <abaid>73</abaid>
      <blocoid>93</blocoid>
      <ordem></ordem>
    </row>
    <row id="81">
      <id>81</id>
      <abaid>74</abaid>
      <blocoid>94</blocoid>
      <ordem></ordem>
    </row>
    <row id="82">
      <id>82</id>
      <abaid>74</abaid>
      <blocoid>95</blocoid>
      <ordem></ordem>
    </row>
    <row id="83">
      <id>83</id>
      <abaid>77</abaid>
      <blocoid>96</blocoid>
      <ordem></ordem>
    </row>
    <row id="84">
      <id>84</id>
      <abaid>82</abaid>
      <blocoid>97</blocoid>
      <ordem></ordem>
    </row>
    <row id="85">
      <id>85</id>
      <abaid>88</abaid>
      <blocoid>98</blocoid>
      <ordem></ordem>
    </row>
    <row id="87">
      <id>87</id>
      <abaid>53</abaid>
      <blocoid>99</blocoid>
      <ordem></ordem>
    </row>
    <row id="88">
      <id>88</id>
      <abaid>54</abaid>
      <blocoid>100</blocoid>
      <ordem></ordem>
    </row>
    <row id="89">
      <id>89</id>
      <abaid>99</abaid>
      <blocoid>111</blocoid>
      <ordem></ordem>
    </row>
    <row id="93">
      <id>93</id>
      <abaid>44</abaid>
      <blocoid>112</blocoid>
      <ordem></ordem>
    </row>
    <row id="94">
      <id>94</id>
      <abaid>200</abaid>
      <blocoid>113</blocoid>
      <ordem></ordem>
    </row>
    <row id="95">
      <id>95</id>
      <abaid>201</abaid>
      <blocoid>114</blocoid>
      <ordem></ordem>
    </row>
    <row id="96">
      <id>96</id>
      <abaid>202</abaid>
      <blocoid>115</blocoid>
      <ordem></ordem>
    </row>
    <row id="100">
      <id>100</id>
      <abaid>203</abaid>
      <blocoid>119</blocoid>
      <ordem></ordem>
    </row>
    <row id="101">
      <id>101</id>
      <abaid>204</abaid>
      <blocoid>120</blocoid>
      <ordem></ordem>
    </row>
    <row id="102">
      <id>102</id>
      <abaid>205</abaid>
      <blocoid>122</blocoid>
      <ordem></ordem>
    </row>
    <row id="103">
      <id>103</id>
      <abaid>206</abaid>
      <blocoid>123</blocoid>
      <ordem></ordem>
    </row>
    <row id="104">
      <id>104</id>
      <abaid>207</abaid>
      <blocoid>124</blocoid>
      <ordem></ordem>
    </row>
    <row id="105">
      <id>105</id>
      <abaid>208</abaid>
      <blocoid>125</blocoid>
      <ordem></ordem>
    </row>
    <row id="108">
      <id>108</id>
      <abaid>204</abaid>
      <blocoid>121</blocoid>
      <ordem></ordem>
    </row>
    <row id="109">
      <id>109</id>
      <abaid>209</abaid>
      <blocoid>127</blocoid>
      <ordem></ordem>
    </row>
    <row id="111">
      <id>111</id>
      <abaid>209</abaid>
      <blocoid>128</blocoid>
      <ordem></ordem>
    </row>
    <row id="112">
      <id>112</id>
      <abaid>207</abaid>
      <blocoid>126</blocoid>
      <ordem></ordem>
    </row>
    <row id="113">
      <id>113</id>
      <abaid>4</abaid>
      <blocoid>130</blocoid>
      <ordem>1</ordem>
    </row>
    <row id="114">
      <id>114</id>
      <abaid>211</abaid>
      <blocoid>131</blocoid>
      <ordem>1</ordem>
    </row>
    <row id="117">
      <id>117</id>
      <abaid>214</abaid>
      <blocoid>134</blocoid>
      <ordem>1</ordem>
    </row>
    <row id="118">
      <id>118</id>
      <abaid>215</abaid>
      <blocoid>135</blocoid>
      <ordem>1</ordem>
    </row>
    <row id="120">
      <id>120</id>
      <abaid>217</abaid>
      <blocoid>137</blocoid>
      <ordem>1</ordem>
    </row>
    <row id="121">
      <id>121</id>
      <abaid>220</abaid>
      <blocoid>138</blocoid>
      <ordem>1</ordem>
    </row>
    <row id="122">
      <id>122</id>
      <abaid>220</abaid>
      <blocoid>139</blocoid>
      <ordem>2</ordem>
    </row>
    <row id="123">
      <id>123</id>
      <abaid>220</abaid>
      <blocoid>140</blocoid>
      <ordem>2</ordem>
    </row>
    <row id="126">
      <id>126</id>
      <abaid>221</abaid>
      <blocoid>143</blocoid>
      <ordem>2</ordem>
    </row>
    <row id="159">
      <id>159</id>
      <abaid>240</abaid>
      <blocoid>168</blocoid>
      <ordem>1</ordem>
    </row>
    <row id="130">
      <id>130</id>
      <abaid>225</abaid>
      <blocoid>146</blocoid>
      <ordem>1</ordem>
    </row>
    <row id="134">
      <id>134</id>
      <abaid>222</abaid>
      <blocoid>150</blocoid>
      <ordem>1</ordem>
    </row>
    <row id="135">
      <id>135</id>
      <abaid>222</abaid>
      <blocoid>151</blocoid>
      <ordem>2</ordem>
    </row>
    <row id="154">
      <id>154</id>
      <abaid>23</abaid>
      <blocoid>165</blocoid>
      <ordem>3</ordem>
    </row>
    <row id="141">
      <id>141</id>
      <abaid>227</abaid>
      <blocoid>153</blocoid>
      <ordem>1</ordem>
    </row>
    <row id="142">
      <id>142</id>
      <abaid>228</abaid>
      <blocoid>154</blocoid>
      <ordem>1</ordem>
    </row>
    <row id="143">
      <id>143</id>
      <abaid>73</abaid>
      <blocoid>155</blocoid>
      <ordem>1</ordem>
    </row>
    <row id="144">
      <id>144</id>
      <abaid>229</abaid>
      <blocoid>156</blocoid>
      <ordem>1</ordem>
    </row>
    <row id="145">
      <id>145</id>
      <abaid>55</abaid>
      <blocoid>157</blocoid>
      <ordem>1</ordem>
    </row>
    <row id="146">
      <id>146</id>
      <abaid>230</abaid>
      <blocoid>158</blocoid>
      <ordem>1</ordem>
    </row>
    <row id="147">
      <id>147</id>
      <abaid>231</abaid>
      <blocoid>159</blocoid>
      <ordem>1</ordem>
    </row>
    <row id="149">
      <id>149</id>
      <abaid>232</abaid>
      <blocoid>160</blocoid>
      <ordem>1</ordem>
    </row>
    <row id="151">
      <id>151</id>
      <abaid>234</abaid>
      <blocoid>162</blocoid>
      <ordem>1</ordem>
    </row>
    <row id="152">
      <id>152</id>
      <abaid>234</abaid>
      <blocoid>163</blocoid>
      <ordem>1</ordem>
    </row>
    <row id="153">
      <id>153</id>
      <abaid>23</abaid>
      <blocoid>164</blocoid>
      <ordem>3</ordem>
    </row>
    <row id="161">
      <id>161</id>
      <abaid>241</abaid>
      <blocoid>169</blocoid>
      <ordem>1</ordem>
    </row>
    <row id="162">
      <id>162</id>
      <abaid>241</abaid>
      <blocoid>170</blocoid>
      <ordem>1</ordem>
    </row>
    <row id="163">
      <id>163</id>
      <abaid>47</abaid>
      <blocoid>67</blocoid>
      <ordem>1</ordem>
    </row>
    <row id="167">
      <id>167</id>
      <abaid>244</abaid>
      <blocoid>172</blocoid>
      <ordem>1</ordem>
    </row>
    <row id="169">
      <id>169</id>
      <abaid>245</abaid>
      <blocoid>174</blocoid>
      <ordem>1</ordem>
    </row>
    <row id="173">
      <id>173</id>
      <abaid>20</abaid>
      <blocoid>177</blocoid>
      <ordem>1</ordem>
    </row>
    <row id="174">
      <id>174</id>
      <abaid>249</abaid>
      <blocoid>179</blocoid>
      <ordem>1</ordem>
    </row>
    <row id="175">
      <id>175</id>
      <abaid>250</abaid>
      <blocoid>180</blocoid>
      <ordem>1</ordem>
    </row>
    <row id="176">
      <id>176</id>
      <abaid>251</abaid>
      <blocoid>181</blocoid>
      <ordem>1</ordem>
    </row>
    <row id="178">
      <id>178</id>
      <abaid>253</abaid>
      <blocoid>182</blocoid>
      <ordem>1</ordem>
    </row>
    <row id="12">
      <id>12</id>
      <abaid>33</abaid>
      <blocoid>4</blocoid>
      <ordem>1</ordem>
    </row>
    <row id="179">
      <id>179</id>
      <abaid>255</abaid>
      <blocoid>183</blocoid>
      <ordem>1</ordem>
    </row>
    <row id="158">
      <id>158</id>
      <abaid>239</abaid>
      <blocoid>167</blocoid>
      <ordem>2</ordem>
    </row>
    <row id="185">
      <id>185</id>
      <abaid>259</abaid>
      <blocoid>189</blocoid>
      <ordem>1</ordem>
    </row>
    <row id="180">
      <id>180</id>
      <abaid>239</abaid>
      <blocoid>184</blocoid>
      <ordem>1</ordem>
    </row>
    <row id="181">
      <id>181</id>
      <abaid>239</abaid>
      <blocoid>185</blocoid>
      <ordem>3</ordem>
    </row>
    <row id="182">
      <id>182</id>
      <abaid>239</abaid>
      <blocoid>186</blocoid>
      <ordem>4</ordem>
    </row>
    <row id="183">
      <id>183</id>
      <abaid>257</abaid>
      <blocoid>187</blocoid>
      <ordem>1</ordem>
    </row>
    <row id="184">
      <id>184</id>
      <abaid>258</abaid>
      <blocoid>188</blocoid>
      <ordem>1</ordem>
    </row>
    <row id="186">
      <id>186</id>
      <abaid>261</abaid>
      <blocoid>191</blocoid>
      <ordem>1</ordem>
    </row>
    <row id="187">
      <id>187</id>
      <abaid>260</abaid>
      <blocoid>190</blocoid>
      <ordem>1</ordem>
    </row>
    <row id="188">
      <id>188</id>
      <abaid>262</abaid>
      <blocoid>192</blocoid>
      <ordem>1</ordem>
    </row>
    <row id="190">
      <id>190</id>
      <abaid>33</abaid>
      <blocoid>194</blocoid>
      <ordem>1</ordem>
    </row>
    <row id="98">
      <id>98</id>
      <abaid>41</abaid>
      <blocoid>117</blocoid>
      <ordem>1</ordem>
    </row>
    <row id="97">
      <id>97</id>
      <abaid>40</abaid>
      <blocoid>116</blocoid>
      <ordem>1</ordem>
    </row>
    <row id="191">
      <id>191</id>
      <abaid>263</abaid>
      <blocoid>195</blocoid>
      <ordem>1</ordem>
    </row>
    <row id="192">
      <id>192</id>
      <abaid>264</abaid>
      <blocoid>196</blocoid>
      <ordem>1</ordem>
    </row>
    <row id="193">
      <id>193</id>
      <abaid>265</abaid>
      <blocoid>197</blocoid>
      <ordem>1</ordem>
    </row>
    <row id="194">
      <id>194</id>
      <abaid>260</abaid>
      <blocoid>198</blocoid>
      <ordem>2</ordem>
    </row>
    <row id="189">
      <id>189</id>
      <abaid>260</abaid>
      <blocoid>193</blocoid>
      <ordem>3</ordem>
    </row>
    <row id="195">
      <id>195</id>
      <abaid>266</abaid>
      <blocoid>199</blocoid>
      <ordem>1</ordem>
    </row>
    <row id="196">
      <id>196</id>
      <abaid>267</abaid>
      <blocoid>200</blocoid>
      <ordem>1</ordem>
    </row>
    <row id="198">
      <id>198</id>
      <abaid>268</abaid>
      <blocoid>202</blocoid>
      <ordem>1</ordem>
    </row>
    <row id="166">
      <id>166</id>
      <abaid>226</abaid>
      <blocoid>171</blocoid>
      <ordem>1</ordem>
    </row>
    <row id="201">
      <id>201</id>
      <abaid>270</abaid>
      <blocoid>205</blocoid>
      <ordem>1</ordem>
    </row>
    <row id="202">
      <id>202</id>
      <abaid>272</abaid>
      <blocoid>206</blocoid>
      <ordem>1</ordem>
    </row>
    <row id="200">
      <id>200</id>
      <abaid>271</abaid>
      <blocoid>204</blocoid>
      <ordem>1</ordem>
    </row>
    <row id="35">
      <id>35</id>
      <abaid>32</abaid>
      <blocoid>44</blocoid>
      <ordem>1</ordem>
    </row>
    <row id="204">
      <id>204</id>
      <abaid>31</abaid>
      <blocoid>207</blocoid>
      <ordem>1</ordem>
    </row>
    <row id="34">
      <id>34</id>
      <abaid>274</abaid>
      <blocoid>43</blocoid>
      <ordem>3</ordem>
    </row>
    <row id="36">
      <id>36</id>
      <abaid>273</abaid>
      <blocoid>45</blocoid>
      <ordem>3</ordem>
    </row>
    <row id="205">
      <id>205</id>
      <abaid>275</abaid>
      <blocoid>209</blocoid>
      <ordem>1</ordem>
    </row>
    <row id="206">
      <id>206</id>
      <abaid>276</abaid>
      <blocoid>210</blocoid>
      <ordem>1</ordem>
    </row>
    <row id="207">
      <id>207</id>
      <abaid>277</abaid>
      <blocoid>211</blocoid>
      <ordem>1</ordem>
    </row>
    <row id="208">
      <id>208</id>
      <abaid>278</abaid>
      <blocoid>212</blocoid>
      <ordem>1</ordem>
    </row>
    <row id="209">
      <id>209</id>
      <abaid>279</abaid>
      <blocoid>213</blocoid>
      <ordem>1</ordem>
    </row>
    <row id="210">
      <id>210</id>
      <abaid>280</abaid>
      <blocoid>214</blocoid>
      <ordem>1</ordem>
    </row>
    <row id="211">
      <id>211</id>
      <abaid>281</abaid>
      <blocoid>215</blocoid>
      <ordem>1</ordem>
    </row>
    <row id="212">
      <id>212</id>
      <abaid>282</abaid>
      <blocoid>216</blocoid>
      <ordem>1</ordem>
    </row>
    <row id="213">
      <id>213</id>
      <abaid>283</abaid>
      <blocoid>217</blocoid>
      <ordem>1</ordem>
    </row>
    <row id="214">
      <id>214</id>
      <abaid>284</abaid>
      <blocoid>218</blocoid>
      <ordem>1</ordem>
    </row>
    <row id="215">
      <id>215</id>
      <abaid>285</abaid>
      <blocoid>219</blocoid>
      <ordem>1</ordem>
    </row>
    <row id="216">
      <id>216</id>
      <abaid>286</abaid>
      <blocoid>220</blocoid>
      <ordem>1</ordem>
    </row>
    <row id="217">
      <id>217</id>
      <abaid>287</abaid>
      <blocoid>221</blocoid>
      <ordem>1</ordem>
    </row>
    <row id="218">
      <id>218</id>
      <abaid>288</abaid>
      <blocoid>222</blocoid>
      <ordem>1</ordem>
    </row>
    <row id="219">
      <id>219</id>
      <abaid>289</abaid>
      <blocoid>223</blocoid>
      <ordem>1</ordem>
    </row>
    <row id="220">
      <id>220</id>
      <abaid>290</abaid>
      <blocoid>224</blocoid>
      <ordem>1</ordem>
    </row>
    <row id="221">
      <id>221</id>
      <abaid>291</abaid>
      <blocoid>225</blocoid>
      <ordem>1</ordem>
    </row>
    <row id="222">
      <id>222</id>
      <abaid>292</abaid>
      <blocoid>226</blocoid>
      <ordem>1</ordem>
    </row>
    <row id="223">
      <id>223</id>
      <abaid>293</abaid>
      <blocoid>227</blocoid>
      <ordem>1</ordem>
    </row>
    <row id="150">
      <id>150</id>
      <abaid>233</abaid>
      <blocoid>161</blocoid>
      <ordem>2</ordem>
    </row>
    <row id="224">
      <id>224</id>
      <abaid>294</abaid>
      <blocoid>228</blocoid>
      <ordem>1</ordem>
    </row>
    <row id="226">
      <id>226</id>
      <abaid>296</abaid>
      <blocoid>230</blocoid>
      <ordem>1</ordem>
    </row>
    <row id="227">
      <id>227</id>
      <abaid>297</abaid>
      <blocoid>231</blocoid>
      <ordem>1</ordem>
    </row>
    <row id="228">
      <id>228</id>
      <abaid>298</abaid>
      <blocoid>232</blocoid>
      <ordem>1</ordem>
    </row>
    <row id="116">
      <id>116</id>
      <abaid>213</abaid>
      <blocoid>133</blocoid>
      <ordem>2</ordem>
    </row>
    <row id="229">
      <id>229</id>
      <abaid>299</abaid>
      <blocoid>233</blocoid>
      <ordem>1</ordem>
    </row>
    <row id="157">
      <id>157</id>
      <abaid>64</abaid>
      <blocoid>173</blocoid>
      <ordem>2</ordem>
    </row>
    <row id="230">
      <id>230</id>
      <abaid>300</abaid>
      <blocoid>234</blocoid>
      <ordem>1</ordem>
    </row>
    <row id="155">
      <id>155</id>
      <abaid>64</abaid>
      <blocoid>262</blocoid>
      <ordem>1</ordem>
    </row>
    <row id="231">
      <id>231</id>
      <abaid>301</abaid>
      <blocoid>235</blocoid>
      <ordem>1</ordem>
    </row>
    <row id="232">
      <id>232</id>
      <abaid>302</abaid>
      <blocoid>236</blocoid>
      <ordem>1</ordem>
    </row>
    <row id="233">
      <id>233</id>
      <abaid>303</abaid>
      <blocoid>237</blocoid>
      <ordem>1</ordem>
    </row>
    <row id="234">
      <id>234</id>
      <abaid>304</abaid>
      <blocoid>238</blocoid>
      <ordem>1</ordem>
    </row>
    <row id="24">
      <id>24</id>
      <abaid>24</abaid>
      <blocoid>33</blocoid>
      <ordem>2</ordem>
    </row>
    <row id="235">
      <id>235</id>
      <abaid>305</abaid>
      <blocoid>239</blocoid>
      <ordem>1</ordem>
    </row>
    <row id="7">
      <id>7</id>
      <abaid>11</abaid>
      <blocoid>15</blocoid>
      <ordem>2</ordem>
    </row>
    <row id="236">
      <id>236</id>
      <abaid>306</abaid>
      <blocoid>240</blocoid>
      <ordem>1</ordem>
    </row>
    <row id="237">
      <id>237</id>
      <abaid>307</abaid>
      <blocoid>241</blocoid>
      <ordem>1</ordem>
    </row>
    <row id="238">
      <id>238</id>
      <abaid>308</abaid>
      <blocoid>242</blocoid>
      <ordem>1</ordem>
    </row>
    <row id="239">
      <id>239</id>
      <abaid>309</abaid>
      <blocoid>243</blocoid>
      <ordem>1</ordem>
    </row>
    <row id="240">
      <id>240</id>
      <abaid>310</abaid>
      <blocoid>244</blocoid>
      <ordem>1</ordem>
    </row>
    <row id="241">
      <id>241</id>
      <abaid>311</abaid>
      <blocoid>245</blocoid>
      <ordem>1</ordem>
    </row>
    <row id="242">
      <id>242</id>
      <abaid>312</abaid>
      <blocoid>246</blocoid>
      <ordem>1</ordem>
    </row>
    <row id="243">
      <id>243</id>
      <abaid>313</abaid>
      <blocoid>247</blocoid>
      <ordem>1</ordem>
    </row>
    <row id="244">
      <id>244</id>
      <abaid>314</abaid>
      <blocoid>248</blocoid>
      <ordem>1</ordem>
    </row>
    <row id="245">
      <id>245</id>
      <abaid>315</abaid>
      <blocoid>249</blocoid>
      <ordem>1</ordem>
    </row>
    <row id="246">
      <id>246</id>
      <abaid>316</abaid>
      <blocoid>250</blocoid>
      <ordem>1</ordem>
    </row>
    <row id="247">
      <id>247</id>
      <abaid>317</abaid>
      <blocoid>251</blocoid>
      <ordem>1</ordem>
    </row>
    <row id="248">
      <id>248</id>
      <abaid>318</abaid>
      <blocoid>252</blocoid>
      <ordem>1</ordem>
    </row>
    <row id="249">
      <id>249</id>
      <abaid>32</abaid>
      <blocoid>253</blocoid>
      <ordem>1</ordem>
    </row>
    <row id="251">
      <id>251</id>
      <abaid>306</abaid>
      <blocoid>255</blocoid>
      <ordem>2</ordem>
    </row>
    <row id="252">
      <id>252</id>
      <abaid>321</abaid>
      <blocoid>152</blocoid>
      <ordem>1</ordem>
    </row>
    <row id="250">
      <id>250</id>
      <abaid>319</abaid>
      <blocoid>254</blocoid>
      <ordem>1</ordem>
    </row>
    <row id="253">
      <id>253</id>
      <abaid>312</abaid>
      <blocoid>255</blocoid>
      <ordem>2</ordem>
    </row>
    <row id="254">
      <id>254</id>
      <abaid>322</abaid>
      <blocoid>256</blocoid>
      <ordem>1</ordem>
    </row>
    <row id="255">
      <id>255</id>
      <abaid>323</abaid>
      <blocoid>257</blocoid>
      <ordem>2</ordem>
    </row>
    <row id="225">
      <id>225</id>
      <abaid>295</abaid>
      <blocoid>258</blocoid>
      <ordem>1</ordem>
    </row>
    <row id="256">
      <id>256</id>
      <abaid>233</abaid>
      <blocoid>259</blocoid>
      <ordem>1</ordem>
    </row>
    <row id="257">
      <id>257</id>
      <abaid>324</abaid>
      <blocoid>260</blocoid>
      <ordem>1</ordem>
    </row>
    <row id="115">
      <id>115</id>
      <abaid>213</abaid>
      <blocoid>132</blocoid>
      <ordem>1</ordem>
    </row>
    <row id="259">
      <id>259</id>
      <abaid>223</abaid>
      <blocoid>261</blocoid>
      <ordem>1</ordem>
    </row>
    <row id="124">
      <id>124</id>
      <abaid>221</abaid>
      <blocoid>141</blocoid>
      <ordem>1</ordem>
    </row>
    <row id="260">
      <id>260</id>
      <abaid>327</abaid>
      <blocoid>263</blocoid>
      <ordem>1</ordem>
    </row>
    <row id="261">
      <id>261</id>
      <abaid>336</abaid>
      <blocoid>264</blocoid>
      <ordem>1</ordem>
    </row>
    <row id="262">
      <id>262</id>
      <abaid>337</abaid>
      <blocoid>265</blocoid>
      <ordem>1</ordem>
    </row>
    <row id="263">
      <id>263</id>
      <abaid>338</abaid>
      <blocoid>266</blocoid>
      <ordem>1</ordem>
    </row>
    <row id="264">
      <id>264</id>
      <abaid>341</abaid>
      <blocoid>267</blocoid>
      <ordem>1</ordem>
    </row>
    <row id="265">
      <id>265</id>
      <abaid>342</abaid>
      <blocoid>268</blocoid>
      <ordem>1</ordem>
    </row>
    <row id="266">
      <id>266</id>
      <abaid>343</abaid>
      <blocoid>269</blocoid>
      <ordem>1</ordem>
    </row>
    <row id="267">
      <id>267</id>
      <abaid>344</abaid>
      <blocoid>270</blocoid>
      <ordem>1</ordem>
    </row>
    <row id="268">
      <id>268</id>
      <abaid>345</abaid>
      <blocoid>271</blocoid>
      <ordem>1</ordem>
    </row>
    <row id="269">
      <id>269</id>
      <abaid>346</abaid>
      <blocoid>271</blocoid>
      <ordem>1</ordem>
    </row>
    <row id="270">
      <id>270</id>
      <abaid>347</abaid>
      <blocoid>271</blocoid>
      <ordem>1</ordem>
    </row>
    <row id="271">
      <id>271</id>
      <abaid>348</abaid>
      <blocoid>271</blocoid>
      <ordem>1</ordem>
    </row>
    <row id="272">
      <id>272</id>
      <abaid>349</abaid>
      <blocoid>271</blocoid>
      <ordem>1</ordem>
    </row>
    <row id="273">
      <id>273</id>
      <abaid>350</abaid>
      <blocoid>271</blocoid>
      <ordem>1</ordem>
    </row>
    <row id="274">
      <id>274</id>
      <abaid>351</abaid>
      <blocoid>271</blocoid>
      <ordem>1</ordem>
    </row>
    <row id="275">
      <id>275</id>
      <abaid>352</abaid>
      <blocoid>271</blocoid>
      <ordem>1</ordem>
    </row>
    <row id="276">
      <id>276</id>
      <abaid>353</abaid>
      <blocoid>271</blocoid>
      <ordem>1</ordem>
    </row>
    <row id="277">
      <id>277</id>
      <abaid>354</abaid>
      <blocoid>271</blocoid>
      <ordem>1</ordem>
    </row>
    <row id="278">
      <id>278</id>
      <abaid>355</abaid>
      <blocoid>271</blocoid>
      <ordem>1</ordem>
    </row>
    <row id="279">
      <id>279</id>
      <abaid>356</abaid>
      <blocoid>271</blocoid>
      <ordem>1</ordem>
    </row>
    <row id="280">
      <id>280</id>
      <abaid>348</abaid>
      <blocoid>272</blocoid>
      <ordem>1</ordem>
    </row>
    <row id="281">
      <id>281</id>
      <abaid>354</abaid>
      <blocoid>273</blocoid>
      <ordem>1</ordem>
    </row>
    <row id="282">
      <id>282</id>
      <abaid>358</abaid>
      <blocoid>274</blocoid>
      <ordem>1</ordem>
    </row>
    <row id="71">
      <id>71</id>
      <abaid>66</abaid>
      <blocoid>82</blocoid>
      <ordem>1</ordem>
    </row>
    <row id="283">
      <id>283</id>
      <abaid>66</abaid>
      <blocoid>275</blocoid>
      <ordem>2</ordem>
    </row>
    <row id="284">
      <id>284</id>
      <abaid>359</abaid>
      <blocoid>276</blocoid>
      <ordem>1</ordem>
    </row>
    <row id="285">
      <id>285</id>
      <abaid>360</abaid>
      <blocoid>277</blocoid>
      <ordem>1</ordem>
    </row>
    <row id="168">
      <id>168</id>
      <abaid>223</abaid>
      <blocoid>144</blocoid>
      <ordem>2</ordem>
    </row>
    <row id="286">
      <id>286</id>
      <abaid>361</abaid>
      <blocoid>278</blocoid>
      <ordem>1</ordem>
    </row>
    <row id="287">
      <id>287</id>
      <abaid>362</abaid>
      <blocoid>279</blocoid>
      <ordem>1</ordem>
    </row>
    <row id="288">
      <id>288</id>
      <abaid>362</abaid>
      <blocoid>279</blocoid>
      <ordem>1</ordem>
    </row>
    <row id="289">
      <id>289</id>
      <abaid>363</abaid>
      <blocoid>280</blocoid>
      <ordem>1</ordem>
    </row>
    <row id="290">
      <id>290</id>
      <abaid>364</abaid>
      <blocoid>281</blocoid>
      <ordem>1</ordem>
    </row>
    <row id="291">
      <id>291</id>
      <abaid>365</abaid>
      <blocoid>282</blocoid>
      <ordem>1</ordem>
    </row>
    <row id="292">
      <id>292</id>
      <abaid>366</abaid>
      <blocoid>283</blocoid>
      <ordem>1</ordem>
    </row>
    <row id="293">
      <id>293</id>
      <abaid>367</abaid>
      <blocoid>284</blocoid>
      <ordem>1</ordem>
    </row>
    <row id="294">
      <id>294</id>
      <abaid>367</abaid>
      <blocoid>285</blocoid>
      <ordem>1</ordem>
    </row>
    <row id="295">
      <id>295</id>
      <abaid>368</abaid>
      <blocoid>286</blocoid>
      <ordem>1</ordem>
    </row>
    <row id="296">
      <id>296</id>
      <abaid>368</abaid>
      <blocoid>287</blocoid>
      <ordem>1</ordem>
    </row>
    <row id="297">
      <id>297</id>
      <abaid>369</abaid>
      <blocoid>288</blocoid>
      <ordem>1</ordem>
    </row>
    <row id="298">
      <id>298</id>
      <abaid>211</abaid>
      <blocoid>291</blocoid>
      <ordem>2</ordem>
    </row>
    <row id="299">
      <id>299</id>
      <abaid>372</abaid>
      <blocoid>271</blocoid>
      <ordem>1</ordem>
    </row>
    <row id="300">
      <id>300</id>
      <abaid>373</abaid>
      <blocoid>271</blocoid>
      <ordem>1</ordem>
    </row>
    <row id="301">
      <id>301</id>
      <abaid>374</abaid>
      <blocoid>271</blocoid>
      <ordem>1</ordem>
    </row>
    <row id="302">
      <id>302</id>
      <abaid>345</abaid>
      <blocoid>292</blocoid>
      <ordem>2</ordem>
    </row>
    <row id="303">
      <id>303</id>
      <abaid>351</abaid>
      <blocoid>293</blocoid>
      <ordem>2</ordem>
    </row>
    <row id="304">
      <id>304</id>
      <abaid>374</abaid>
      <blocoid>294</blocoid>
      <ordem>2</ordem>
    </row>
    <row id="305">
      <id>305</id>
      <abaid>376</abaid>
      <blocoid>295</blocoid>
      <ordem>1</ordem>
    </row>
    <row id="23">
      <id>23</id>
      <abaid>24</abaid>
      <blocoid>32</blocoid>
      <ordem>1</ordem>
    </row>
    <row id="306">
      <id>306</id>
      <abaid>377</abaid>
      <blocoid>296</blocoid>
      <ordem>1</ordem>
    </row>
    <row id="308">
      <id>308</id>
      <abaid>378</abaid>
      <blocoid>298</blocoid>
      <ordem>1</ordem>
    </row>
    <row id="307">
      <id>307</id>
      <abaid>378</abaid>
      <blocoid>297</blocoid>
      <ordem>2</ordem>
    </row>
    <row id="6">
      <id>6</id>
      <abaid>11</abaid>
      <blocoid>14</blocoid>
      <ordem>1</ordem>
    </row>
  </blocosXAbas>
</kernelsys>
