<?xml version="1.0" encoding="UTF-8"?>
<kernelsys>
  <formXTabelas>
    <row id="2">
      <id>2</id>
      <formid>1</formid>
      <tabelaid>1</tabelaid>
      <ativo>1</ativo>
    </row>
    <row id="7">
      <id>7</id>
      <formid>3</formid>
      <tabelaid>8</tabelaid>
      <ativo>1</ativo>
    </row>
    <row id="9">
      <id>9</id>
      <formid>4</formid>
      <tabelaid>9</tabelaid>
      <ativo>1</ativo>
    </row>
    <row id="10">
      <id>10</id>
      <formid>4</formid>
      <tabelaid>10</tabelaid>
      <ativo>1</ativo>
    </row>
    <row id="11">
      <id>11</id>
      <formid>5</formid>
      <tabelaid>11</tabelaid>
      <ativo>1</ativo>
    </row>
    <row id="12">
      <id>12</id>
      <formid>5</formid>
      <tabelaid>12</tabelaid>
      <ativo>1</ativo>
    </row>
    <row id="14">
      <id>14</id>
      <formid>5</formid>
      <tabelaid>13</tabelaid>
      <ativo>1</ativo>
    </row>
    <row id="15">
      <id>15</id>
      <formid>6</formid>
      <tabelaid>81</tabelaid>
      <ativo>1</ativo>
    </row>
    <row id="16">
      <id>16</id>
      <formid>7</formid>
      <tabelaid>15</tabelaid>
      <ativo>1</ativo>
    </row>
    <row id="17">
      <id>17</id>
      <formid>8</formid>
      <tabelaid>16</tabelaid>
      <ativo>1</ativo>
    </row>
    <row id="18">
      <id>18</id>
      <formid>9</formid>
      <tabelaid>17</tabelaid>
      <ativo>1</ativo>
    </row>
    <row id="19">
      <id>19</id>
      <formid>10</formid>
      <tabelaid>18</tabelaid>
      <ativo>1</ativo>
    </row>
    <row id="20">
      <id>20</id>
      <formid>11</formid>
      <tabelaid>19</tabelaid>
      <ativo>1</ativo>
    </row>
    <row id="21">
      <id>21</id>
      <formid>12</formid>
      <tabelaid>20</tabelaid>
      <ativo>1</ativo>
    </row>
    <row id="22">
      <id>22</id>
      <formid>13</formid>
      <tabelaid>21</tabelaid>
      <ativo>1</ativo>
    </row>
    <row id="23">
      <id>23</id>
      <formid>14</formid>
      <tabelaid>16</tabelaid>
      <ativo>1</ativo>
    </row>
    <row id="26">
      <id>26</id>
      <formid>15</formid>
      <tabelaid>22</tabelaid>
      <ativo>1</ativo>
    </row>
    <row id="27">
      <id>27</id>
      <formid>16</formid>
      <tabelaid>11</tabelaid>
      <ativo>1</ativo>
    </row>
    <row id="29">
      <id>29</id>
      <formid>17</formid>
      <tabelaid>24</tabelaid>
      <ativo>1</ativo>
    </row>
    <row id="30">
      <id>30</id>
      <formid>18</formid>
      <tabelaid>25</tabelaid>
      <ativo>1</ativo>
    </row>
    <row id="31">
      <id>31</id>
      <formid>6</formid>
      <tabelaid>26</tabelaid>
      <ativo>1</ativo>
    </row>
    <row id="33">
      <id>33</id>
      <formid>18</formid>
      <tabelaid>28</tabelaid>
      <ativo>1</ativo>
    </row>
    <row id="34">
      <id>34</id>
      <formid>19</formid>
      <tabelaid>29</tabelaid>
      <ativo>1</ativo>
    </row>
    <row id="35">
      <id>35</id>
      <formid>20</formid>
      <tabelaid>30</tabelaid>
      <ativo>1</ativo>
    </row>
    <row id="37">
      <id>37</id>
      <formid>22</formid>
      <tabelaid>33</tabelaid>
      <ativo>1</ativo>
    </row>
    <row id="38">
      <id>38</id>
      <formid>22</formid>
      <tabelaid>34</tabelaid>
      <ativo>1</ativo>
    </row>
    <row id="39">
      <id>39</id>
      <formid>21</formid>
      <tabelaid>32</tabelaid>
      <ativo>1</ativo>
    </row>
    <row id="40">
      <id>40</id>
      <formid>24</formid>
      <tabelaid>35</tabelaid>
      <ativo>1</ativo>
    </row>
    <row id="41">
      <id>41</id>
      <formid>26</formid>
      <tabelaid>1</tabelaid>
      <ativo>1</ativo>
    </row>
    <row id="42">
      <id>42</id>
      <formid>27</formid>
      <tabelaid>37</tabelaid>
      <ativo>1</ativo>
    </row>
    <row id="43">
      <id>43</id>
      <formid>28</formid>
      <tabelaid>38</tabelaid>
      <ativo>1</ativo>
    </row>
    <row id="44">
      <id>44</id>
      <formid>30</formid>
      <tabelaid>39</tabelaid>
      <ativo>1</ativo>
    </row>
    <row id="45">
      <id>45</id>
      <formid>31</formid>
      <tabelaid>26</tabelaid>
      <ativo>1</ativo>
    </row>
    <row id="46">
      <id>46</id>
      <formid>33</formid>
      <tabelaid>41</tabelaid>
      <ativo>1</ativo>
    </row>
    <row id="48">
      <id>48</id>
      <formid>34</formid>
      <tabelaid>44</tabelaid>
      <ativo>1</ativo>
    </row>
    <row id="49">
      <id>49</id>
      <formid>39</formid>
      <tabelaid>45</tabelaid>
      <ativo>1</ativo>
    </row>
    <row id="50">
      <id>50</id>
      <formid>36</formid>
      <tabelaid>22</tabelaid>
      <ativo>1</ativo>
    </row>
    <row id="51">
      <id>51</id>
      <formid>38</formid>
      <tabelaid>46</tabelaid>
      <ativo>1</ativo>
    </row>
    <row id="52">
      <id>52</id>
      <formid>40</formid>
      <tabelaid>47</tabelaid>
      <ativo>1</ativo>
    </row>
    <row id="54">
      <id>54</id>
      <formid>46</formid>
      <tabelaid>50</tabelaid>
      <ativo>1</ativo>
    </row>
    <row id="55">
      <id>55</id>
      <formid>32</formid>
      <tabelaid>51</tabelaid>
      <ativo>1</ativo>
    </row>
    <row id="56">
      <id>56</id>
      <formid>32</formid>
      <tabelaid>52</tabelaid>
      <ativo>1</ativo>
    </row>
    <row id="57">
      <id>57</id>
      <formid>47</formid>
      <tabelaid>17</tabelaid>
      <ativo>1</ativo>
    </row>
    <row id="59">
      <id>59</id>
      <formid>48</formid>
      <tabelaid>53</tabelaid>
      <ativo>1</ativo>
    </row>
    <row id="104">
      <id>104</id>
      <formid>85</formid>
      <tabelaid>80</tabelaid>
      <ativo>1</ativo>
    </row>
    <row id="61">
      <id>61</id>
      <formid>50</formid>
      <tabelaid>22</tabelaid>
      <ativo>1</ativo>
    </row>
    <row id="66">
      <id>66</id>
      <formid>57</formid>
      <tabelaid>58</tabelaid>
      <ativo>1</ativo>
    </row>
    <row id="67">
      <id>67</id>
      <formid>58</formid>
      <tabelaid>12</tabelaid>
      <ativo>1</ativo>
    </row>
    <row id="68">
      <id>68</id>
      <formid>59</formid>
      <tabelaid>12</tabelaid>
      <ativo>1</ativo>
    </row>
    <row id="69">
      <id>69</id>
      <formid>60</formid>
      <tabelaid>62</tabelaid>
      <ativo>1</ativo>
    </row>
    <row id="70">
      <id>70</id>
      <formid>61</formid>
      <tabelaid>12</tabelaid>
      <ativo>1</ativo>
    </row>
    <row id="71">
      <id>71</id>
      <formid>62</formid>
      <tabelaid>63</tabelaid>
      <ativo>1</ativo>
    </row>
    <row id="72">
      <id>72</id>
      <formid>64</formid>
      <tabelaid>64</tabelaid>
      <ativo>1</ativo>
    </row>
    <row id="73">
      <id>73</id>
      <formid>65</formid>
      <tabelaid>21</tabelaid>
      <ativo>1</ativo>
    </row>
    <row id="74">
      <id>74</id>
      <formid>66</formid>
      <tabelaid>21</tabelaid>
      <ativo>1</ativo>
    </row>
    <row id="75">
      <id>75</id>
      <formid>67</formid>
      <tabelaid>66</tabelaid>
      <ativo>1</ativo>
    </row>
    <row id="76">
      <id>76</id>
      <formid>68</formid>
      <tabelaid>70</tabelaid>
      <ativo>1</ativo>
    </row>
    <row id="77">
      <id>77</id>
      <formid>69</formid>
      <tabelaid>11</tabelaid>
      <ativo>1</ativo>
    </row>
    <row id="78">
      <id>78</id>
      <formid>1</formid>
      <tabelaid>5</tabelaid>
      <ativo>1</ativo>
    </row>
    <row id="79">
      <id>79</id>
      <formid>1</formid>
      <tabelaid>6</tabelaid>
      <ativo>1</ativo>
    </row>
    <row id="81">
      <id>81</id>
      <formid>26</formid>
      <tabelaid>5</tabelaid>
      <ativo>1</ativo>
    </row>
    <row id="82">
      <id>82</id>
      <formid>26</formid>
      <tabelaid>6</tabelaid>
      <ativo>1</ativo>
    </row>
    <row id="84">
      <id>84</id>
      <formid>71</formid>
      <tabelaid>1</tabelaid>
      <ativo>1</ativo>
    </row>
    <row id="85">
      <id>85</id>
      <formid>71</formid>
      <tabelaid>5</tabelaid>
      <ativo>1</ativo>
    </row>
    <row id="86">
      <id>86</id>
      <formid>71</formid>
      <tabelaid>6</tabelaid>
      <ativo>1</ativo>
    </row>
    <row id="88">
      <id>88</id>
      <formid>6</formid>
      <tabelaid>5</tabelaid>
      <ativo>1</ativo>
    </row>
    <row id="89">
      <id>89</id>
      <formid>6</formid>
      <tabelaid>14</tabelaid>
      <ativo>1</ativo>
    </row>
    <row id="90">
      <id>90</id>
      <formid>72</formid>
      <tabelaid>66</tabelaid>
      <ativo>1</ativo>
    </row>
    <row id="91">
      <id>91</id>
      <formid>58</formid>
      <tabelaid>25</tabelaid>
      <ativo>1</ativo>
    </row>
    <row id="92">
      <id>92</id>
      <formid>75</formid>
      <tabelaid>70</tabelaid>
      <ativo>1</ativo>
    </row>
    <row id="93">
      <id>93</id>
      <formid>76</formid>
      <tabelaid>46</tabelaid>
      <ativo>1</ativo>
    </row>
    <row id="94">
      <id>94</id>
      <formid>77</formid>
      <tabelaid>74</tabelaid>
      <ativo>1</ativo>
    </row>
    <row id="96">
      <id>96</id>
      <formid>78</formid>
      <tabelaid>46</tabelaid>
      <ativo>1</ativo>
    </row>
    <row id="97">
      <id>97</id>
      <formid>7</formid>
      <tabelaid>75</tabelaid>
      <ativo>1</ativo>
    </row>
    <row id="98">
      <id>98</id>
      <formid>82</formid>
      <tabelaid>11</tabelaid>
      <ativo>1</ativo>
    </row>
    <row id="99">
      <id>99</id>
      <formid>29</formid>
      <tabelaid>66</tabelaid>
      <ativo>1</ativo>
    </row>
    <row id="102">
      <id>102</id>
      <formid>84</formid>
      <tabelaid>77</tabelaid>
      <ativo>1</ativo>
    </row>
    <row id="105">
      <id>105</id>
      <formid>86</formid>
      <tabelaid>56</tabelaid>
      <ativo>1</ativo>
    </row>
    <row id="106">
      <id>106</id>
      <formid>87</formid>
      <tabelaid>9</tabelaid>
      <ativo>1</ativo>
    </row>
    <row id="107">
      <id>107</id>
      <formid>87</formid>
      <tabelaid>10</tabelaid>
      <ativo>1</ativo>
    </row>
    <row id="108">
      <id>108</id>
      <formid>87</formid>
      <tabelaid>23</tabelaid>
      <ativo>1</ativo>
    </row>
    <row id="109">
      <id>109</id>
      <formid>89</formid>
      <tabelaid>82</tabelaid>
      <ativo>1</ativo>
    </row>
    <row id="110">
      <id>110</id>
      <formid>89</formid>
      <tabelaid>83</tabelaid>
      <ativo>1</ativo>
    </row>
    <row id="64">
      <id>64</id>
      <formid>6</formid>
      <tabelaid>57</tabelaid>
      <ativo>0</ativo>
    </row>
    <row id="1">
      <id>1</id>
      <formid>5</formid>
      <tabelaid>23</tabelaid>
      <ativo>1</ativo>
    </row>
    <row id="32">
      <id>32</id>
      <formid>3</formid>
      <tabelaid>27</tabelaid>
      <ativo>0</ativo>
    </row>
    <row id="63">
      <id>63</id>
      <formid>3</formid>
      <tabelaid>56</tabelaid>
      <ativo>0</ativo>
    </row>
    <row id="95">
      <id>95</id>
      <formid>77</formid>
      <tabelaid>14</tabelaid>
      <ativo>0</ativo>
    </row>
    <row id="3">
      <id>3</id>
      <formid>5</formid>
      <tabelaid>53</tabelaid>
      <ativo>0</ativo>
    </row>
    <row id="111">
      <id>111</id>
      <formid>90</formid>
      <tabelaid>85</tabelaid>
      <ativo>1</ativo>
    </row>
    <row id="120">
      <id>120</id>
      <formid>58</formid>
      <tabelaid>28</tabelaid>
      <ativo>1</ativo>
    </row>
    <row id="121">
      <id>121</id>
      <formid>260</formid>
      <tabelaid>25</tabelaid>
      <ativo>1</ativo>
    </row>
    <row id="122">
      <id>122</id>
      <formid>59</formid>
      <tabelaid>27</tabelaid>
      <ativo>1</ativo>
    </row>
    <row id="125">
      <id>125</id>
      <formid>267</formid>
      <tabelaid>87</tabelaid>
      <ativo>1</ativo>
    </row>
    <row id="124">
      <id>124</id>
      <formid>266</formid>
      <tabelaid>87</tabelaid>
      <ativo>1</ativo>
    </row>
    <row id="24">
      <id>24</id>
      <formid>14</formid>
      <tabelaid>2</tabelaid>
      <ativo>1</ativo>
    </row>
    <row id="123">
      <id>123</id>
      <formid>264</formid>
      <tabelaid>0</tabelaid>
      <ativo>1</ativo>
    </row>
    <row id="127">
      <id>127</id>
      <formid>18</formid>
      <tabelaid>12</tabelaid>
      <ativo>1</ativo>
    </row>
    <row id="128">
      <id>128</id>
      <formid>311</formid>
      <tabelaid>9</tabelaid>
      <ativo>1</ativo>
    </row>
    <row id="126">
      <id>126</id>
      <formid>270</formid>
      <tabelaid>88</tabelaid>
      <ativo>1</ativo>
    </row>
    <row id="130">
      <id>130</id>
      <formid>320</formid>
      <tabelaid>89</tabelaid>
      <ativo>1</ativo>
    </row>
    <row id="131">
      <id>131</id>
      <formid>75</formid>
      <tabelaid>37</tabelaid>
      <ativo>1</ativo>
    </row>
    <row id="132">
      <id>132</id>
      <formid>332</formid>
      <tabelaid>94</tabelaid>
      <ativo>1</ativo>
    </row>
    <row id="134">
      <id>134</id>
      <formid>333</formid>
      <tabelaid>21</tabelaid>
      <ativo>1</ativo>
    </row>
    <row id="135">
      <id>135</id>
      <formid>334</formid>
      <tabelaid>49</tabelaid>
      <ativo>1</ativo>
    </row>
    <row id="136">
      <id>136</id>
      <formid>335</formid>
      <tabelaid>12</tabelaid>
      <ativo>1</ativo>
    </row>
    <row id="137">
      <id>137</id>
      <formid>336</formid>
      <tabelaid>0</tabelaid>
      <ativo>1</ativo>
    </row>
    <row id="138">
      <id>138</id>
      <formid>337</formid>
      <tabelaid>75</tabelaid>
      <ativo>1</ativo>
    </row>
    <row id="139">
      <id>139</id>
      <formid>338</formid>
      <tabelaid>34</tabelaid>
      <ativo>1</ativo>
    </row>
    <row id="140">
      <id>140</id>
      <formid>339</formid>
      <tabelaid>38</tabelaid>
      <ativo>1</ativo>
    </row>
    <row id="141">
      <id>141</id>
      <formid>340</formid>
      <tabelaid>38</tabelaid>
      <ativo>1</ativo>
    </row>
    <row id="142">
      <id>142</id>
      <formid>341</formid>
      <tabelaid>43</tabelaid>
      <ativo>1</ativo>
    </row>
    <row id="143">
      <id>143</id>
      <formid>342</formid>
      <tabelaid>48</tabelaid>
      <ativo>1</ativo>
    </row>
    <row id="144">
      <id>144</id>
      <formid>343</formid>
      <tabelaid>53</tabelaid>
      <ativo>1</ativo>
    </row>
    <row id="145">
      <id>145</id>
      <formid>344</formid>
      <tabelaid>57</tabelaid>
      <ativo>1</ativo>
    </row>
    <row id="146">
      <id>146</id>
      <formid>345</formid>
      <tabelaid>61</tabelaid>
      <ativo>1</ativo>
    </row>
    <row id="147">
      <id>147</id>
      <formid>346</formid>
      <tabelaid>60</tabelaid>
      <ativo>1</ativo>
    </row>
    <row id="148">
      <id>148</id>
      <formid>347</formid>
      <tabelaid>40</tabelaid>
      <ativo>1</ativo>
    </row>
    <row id="149">
      <id>149</id>
      <formid>348</formid>
      <tabelaid>28</tabelaid>
      <ativo>1</ativo>
    </row>
    <row id="150">
      <id>150</id>
      <formid>349</formid>
      <tabelaid>43</tabelaid>
      <ativo>1</ativo>
    </row>
    <row id="151">
      <id>151</id>
      <formid>350</formid>
      <tabelaid>43</tabelaid>
      <ativo>1</ativo>
    </row>
    <row id="152">
      <id>152</id>
      <formid>351</formid>
      <tabelaid>75</tabelaid>
      <ativo>1</ativo>
    </row>
    <row id="153">
      <id>153</id>
      <formid>352</formid>
      <tabelaid>65</tabelaid>
      <ativo>1</ativo>
    </row>
    <row id="154">
      <id>154</id>
      <formid>353</formid>
      <tabelaid>10</tabelaid>
      <ativo>1</ativo>
    </row>
    <row id="155">
      <id>155</id>
      <formid>354</formid>
      <tabelaid>10</tabelaid>
      <ativo>1</ativo>
    </row>
    <row id="156">
      <id>156</id>
      <formid>355</formid>
      <tabelaid>23</tabelaid>
      <ativo>1</ativo>
    </row>
    <row id="157">
      <id>157</id>
      <formid>356</formid>
      <tabelaid>59</tabelaid>
      <ativo>1</ativo>
    </row>
    <row id="158">
      <id>158</id>
      <formid>357</formid>
      <tabelaid>83</tabelaid>
      <ativo>1</ativo>
    </row>
    <row id="159">
      <id>159</id>
      <formid>358</formid>
      <tabelaid>78</tabelaid>
      <ativo>1</ativo>
    </row>
    <row id="160">
      <id>160</id>
      <formid>359</formid>
      <tabelaid>14</tabelaid>
      <ativo>1</ativo>
    </row>
    <row id="161">
      <id>161</id>
      <formid>360</formid>
      <tabelaid>56</tabelaid>
      <ativo>1</ativo>
    </row>
    <row id="162">
      <id>162</id>
      <formid>361</formid>
      <tabelaid>34</tabelaid>
      <ativo>1</ativo>
    </row>
    <row id="163">
      <id>163</id>
      <formid>362</formid>
      <tabelaid>0</tabelaid>
      <ativo>1</ativo>
    </row>
    <row id="164">
      <id>164</id>
      <formid>363</formid>
      <tabelaid>25</tabelaid>
      <ativo>1</ativo>
    </row>
    <row id="165">
      <id>165</id>
      <formid>364</formid>
      <tabelaid>28</tabelaid>
      <ativo>1</ativo>
    </row>
    <row id="166">
      <id>166</id>
      <formid>365</formid>
      <tabelaid>65</tabelaid>
      <ativo>1</ativo>
    </row>
    <row id="167">
      <id>167</id>
      <formid>366</formid>
      <tabelaid>27</tabelaid>
      <ativo>1</ativo>
    </row>
    <row id="168">
      <id>168</id>
      <formid>367</formid>
      <tabelaid>27</tabelaid>
      <ativo>1</ativo>
    </row>
    <row id="169">
      <id>169</id>
      <formid>368</formid>
      <tabelaid>28</tabelaid>
      <ativo>1</ativo>
    </row>
    <row id="170">
      <id>170</id>
      <formid>369</formid>
      <tabelaid>27</tabelaid>
      <ativo>1</ativo>
    </row>
    <row id="171">
      <id>171</id>
      <formid>370</formid>
      <tabelaid>28</tabelaid>
      <ativo>1</ativo>
    </row>
    <row id="172">
      <id>172</id>
      <formid>371</formid>
      <tabelaid>65</tabelaid>
      <ativo>1</ativo>
    </row>
    <row id="173">
      <id>173</id>
      <formid>372</formid>
      <tabelaid>67</tabelaid>
      <ativo>1</ativo>
    </row>
    <row id="174">
      <id>174</id>
      <formid>373</formid>
      <tabelaid>90</tabelaid>
      <ativo>1</ativo>
    </row>
    <row id="175">
      <id>175</id>
      <formid>374</formid>
      <tabelaid>92</tabelaid>
      <ativo>1</ativo>
    </row>
    <row id="176">
      <id>176</id>
      <formid>375</formid>
      <tabelaid>63</tabelaid>
      <ativo>1</ativo>
    </row>
    <row id="177">
      <id>177</id>
      <formid>376</formid>
      <tabelaid>67</tabelaid>
      <ativo>1</ativo>
    </row>
    <row id="178">
      <id>178</id>
      <formid>377</formid>
      <tabelaid>0</tabelaid>
      <ativo>1</ativo>
    </row>
    <row id="179">
      <id>179</id>
      <formid>378</formid>
      <tabelaid>95</tabelaid>
      <ativo>1</ativo>
    </row>
    <row id="181">
      <id>181</id>
      <formid>379</formid>
      <tabelaid>21</tabelaid>
      <ativo>1</ativo>
    </row>
    <row id="182">
      <id>182</id>
      <formid>380</formid>
      <tabelaid>95</tabelaid>
      <ativo>1</ativo>
    </row>
    <row id="129">
      <id>129</id>
      <formid>83</formid>
      <tabelaid>96</tabelaid>
      <ativo>1</ativo>
    </row>
    <row id="101">
      <id>101</id>
      <formid>83</formid>
      <tabelaid>76</tabelaid>
      <ativo>1</ativo>
    </row>
    <row id="183">
      <id>183</id>
      <formid>393</formid>
      <tabelaid>8</tabelaid>
      <ativo>1</ativo>
    </row>
    <row id="184">
      <id>184</id>
      <formid>395</formid>
      <tabelaid>10</tabelaid>
      <ativo>1</ativo>
    </row>
    <row id="185">
      <id>185</id>
      <formid>397</formid>
      <tabelaid>12</tabelaid>
      <ativo>1</ativo>
    </row>
    <row id="186">
      <id>186</id>
      <formid>399</formid>
      <tabelaid>12</tabelaid>
      <ativo>1</ativo>
    </row>
    <row id="187">
      <id>187</id>
      <formid>72</formid>
      <tabelaid>65</tabelaid>
      <ativo>1</ativo>
    </row>
    <row id="188">
      <id>188</id>
      <formid>72</formid>
      <tabelaid>67</tabelaid>
      <ativo>1</ativo>
    </row>
    <row id="189">
      <id>189</id>
      <formid>405</formid>
      <tabelaid>12</tabelaid>
      <ativo>1</ativo>
    </row>
    <row id="190">
      <id>190</id>
      <formid>406</formid>
      <tabelaid>12</tabelaid>
      <ativo>1</ativo>
    </row>
    <row id="191">
      <id>191</id>
      <formid>407</formid>
      <tabelaid>12</tabelaid>
      <ativo>1</ativo>
    </row>
    <row id="192">
      <id>192</id>
      <formid>413</formid>
      <tabelaid>97</tabelaid>
      <ativo>1</ativo>
    </row>
    <row id="193">
      <id>193</id>
      <formid>426</formid>
      <tabelaid>99</tabelaid>
      <ativo>1</ativo>
    </row>
    <row id="194">
      <id>194</id>
      <formid>428</formid>
      <tabelaid>56</tabelaid>
      <ativo>1</ativo>
    </row>
    <row id="195">
      <id>195</id>
      <formid>428</formid>
      <tabelaid>100</tabelaid>
      <ativo>1</ativo>
    </row>
    <row id="196">
      <id>196</id>
      <formid>429</formid>
      <tabelaid>100</tabelaid>
      <ativo>1</ativo>
    </row>
    <row id="197">
      <id>197</id>
      <formid>434</formid>
      <tabelaid>22</tabelaid>
      <ativo>1</ativo>
    </row>
    <row id="198">
      <id>198</id>
      <formid>444</formid>
      <tabelaid>25</tabelaid>
      <ativo>1</ativo>
    </row>
    <row id="199">
      <id>199</id>
      <formid>1</formid>
      <tabelaid>43</tabelaid>
      <ativo>1</ativo>
    </row>
    <row id="200">
      <id>200</id>
      <formid>1</formid>
      <tabelaid>89</tabelaid>
      <ativo>1</ativo>
    </row>
    <row id="201">
      <id>201</id>
      <formid>463</formid>
      <tabelaid>105</tabelaid>
      <ativo>1</ativo>
    </row>
    <row id="202">
      <id>202</id>
      <formid>464</formid>
      <tabelaid>106</tabelaid>
      <ativo>1</ativo>
    </row>
    <row id="203">
      <id>203</id>
      <formid>465</formid>
      <tabelaid>107</tabelaid>
      <ativo>1</ativo>
    </row>
    <row id="204">
      <id>204</id>
      <formid>467</formid>
      <tabelaid>108</tabelaid>
      <ativo>1</ativo>
    </row>
    <row id="205">
      <id>205</id>
      <formid>468</formid>
      <tabelaid>108</tabelaid>
      <ativo>1</ativo>
    </row>
    <row id="206">
      <id>206</id>
      <formid>474</formid>
      <tabelaid>26</tabelaid>
      <ativo>1</ativo>
    </row>
    <row id="207">
      <id>207</id>
      <formid>450</formid>
      <tabelaid>103</tabelaid>
      <ativo>1</ativo>
    </row>
    <row id="208">
      <id>208</id>
      <formid>475</formid>
      <tabelaid>9</tabelaid>
      <ativo>1</ativo>
    </row>
    <row id="209">
      <id>209</id>
      <formid>475</formid>
      <tabelaid>10</tabelaid>
      <ativo>1</ativo>
    </row>
    <row id="210">
      <id>210</id>
      <formid>478</formid>
      <tabelaid>65</tabelaid>
      <ativo>1</ativo>
    </row>
    <row id="211">
      <id>211</id>
      <formid>480</formid>
      <tabelaid>21</tabelaid>
      <ativo>1</ativo>
    </row>
    <row id="212">
      <id>212</id>
      <formid>483</formid>
      <tabelaid>12</tabelaid>
      <ativo>1</ativo>
    </row>
    <row id="213">
      <id>213</id>
      <formid>474</formid>
      <tabelaid>40</tabelaid>
      <ativo>1</ativo>
    </row>
    <row id="214">
      <id>214</id>
      <formid>31</formid>
      <tabelaid>40</tabelaid>
      <ativo>1</ativo>
    </row>
  </formXTabelas>
</kernelsys>
