<?xml version="1.0" encoding="UTF-8"?>
<kernelsys>
  <formXAbas>
    <row id="16">
      <id>16</id>
      <formid>4</formid>
      <abaid>18</abaid>
      <ativo>1</ativo>
      <ordem>0</ordem>
    </row>
    <row id="17">
      <id>17</id>
      <formid>4</formid>
      <abaid>19</abaid>
      <ativo>1</ativo>
      <ordem>0</ordem>
    </row>
    <row id="21">
      <id>21</id>
      <formid>7</formid>
      <abaid>23</abaid>
      <ativo>1</ativo>
      <ordem>0</ordem>
    </row>
    <row id="22">
      <id>22</id>
      <formid>8</formid>
      <abaid>24</abaid>
      <ativo>1</ativo>
      <ordem>0</ordem>
    </row>
    <row id="24">
      <id>24</id>
      <formid>9</formid>
      <abaid>26</abaid>
      <ativo>1</ativo>
      <ordem>0</ordem>
    </row>
    <row id="25">
      <id>25</id>
      <formid>9</formid>
      <abaid>27</abaid>
      <ativo>1</ativo>
      <ordem>0</ordem>
    </row>
    <row id="26">
      <id>26</id>
      <formid>10</formid>
      <abaid>28</abaid>
      <ativo>1</ativo>
      <ordem>0</ordem>
    </row>
    <row id="27">
      <id>27</id>
      <formid>11</formid>
      <abaid>29</abaid>
      <ativo>1</ativo>
      <ordem>0</ordem>
    </row>
    <row id="33">
      <id>33</id>
      <formid>17</formid>
      <abaid>35</abaid>
      <ativo>1</ativo>
      <ordem>0</ordem>
    </row>
    <row id="39">
      <id>39</id>
      <formid>19</formid>
      <abaid>42</abaid>
      <ativo>1</ativo>
      <ordem>0</ordem>
    </row>
    <row id="40">
      <id>40</id>
      <formid>20</formid>
      <abaid>43</abaid>
      <ativo>1</ativo>
      <ordem>0</ordem>
    </row>
    <row id="41">
      <id>41</id>
      <formid>20</formid>
      <abaid>44</abaid>
      <ativo>1</ativo>
      <ordem>0</ordem>
    </row>
    <row id="44">
      <id>44</id>
      <formid>19</formid>
      <abaid>48</abaid>
      <ativo>1</ativo>
      <ordem>0</ordem>
    </row>
    <row id="45">
      <id>45</id>
      <formid>19</formid>
      <abaid>49</abaid>
      <ativo>1</ativo>
      <ordem>0</ordem>
    </row>
    <row id="46">
      <id>46</id>
      <formid>22</formid>
      <abaid>50</abaid>
      <ativo>1</ativo>
      <ordem>0</ordem>
    </row>
    <row id="48">
      <id>48</id>
      <formid>21</formid>
      <abaid>47</abaid>
      <ativo>1</ativo>
      <ordem>0</ordem>
    </row>
    <row id="53">
      <id>53</id>
      <formid>24</formid>
      <abaid>57</abaid>
      <ativo>1</ativo>
      <ordem>0</ordem>
    </row>
    <row id="54">
      <id>54</id>
      <formid>26</formid>
      <abaid>58</abaid>
      <ativo>1</ativo>
      <ordem>0</ordem>
    </row>
    <row id="55">
      <id>55</id>
      <formid>26</formid>
      <abaid>59</abaid>
      <ativo>1</ativo>
      <ordem>0</ordem>
    </row>
    <row id="56">
      <id>56</id>
      <formid>26</formid>
      <abaid>60</abaid>
      <ativo>1</ativo>
      <ordem>0</ordem>
    </row>
    <row id="57">
      <id>57</id>
      <formid>26</formid>
      <abaid>61</abaid>
      <ativo>1</ativo>
      <ordem>0</ordem>
    </row>
    <row id="58">
      <id>58</id>
      <formid>79</formid>
      <abaid>247</abaid>
      <ativo>1</ativo>
      <ordem>1</ordem>
    </row>
    <row id="59">
      <id>59</id>
      <formid>27</formid>
      <abaid>63</abaid>
      <ativo>1</ativo>
      <ordem>3</ordem>
    </row>
    <row id="60">
      <id>60</id>
      <formid>30</formid>
      <abaid>65</abaid>
      <ativo>1</ativo>
      <ordem>0</ordem>
    </row>
    <row id="61">
      <id>61</id>
      <formid>31</formid>
      <abaid>66</abaid>
      <ativo>1</ativo>
      <ordem>0</ordem>
    </row>
    <row id="62">
      <id>62</id>
      <formid>32</formid>
      <abaid>67</abaid>
      <ativo>1</ativo>
      <ordem>0</ordem>
    </row>
    <row id="63">
      <id>63</id>
      <formid>31</formid>
      <abaid>67</abaid>
      <ativo>1</ativo>
      <ordem>0</ordem>
    </row>
    <row id="64">
      <id>64</id>
      <formid>33</formid>
      <abaid>68</abaid>
      <ativo>1</ativo>
      <ordem>0</ordem>
    </row>
    <row id="65">
      <id>65</id>
      <formid>34</formid>
      <abaid>69</abaid>
      <ativo>1</ativo>
      <ordem>0</ordem>
    </row>
    <row id="66">
      <id>66</id>
      <formid>21</formid>
      <abaid>70</abaid>
      <ativo>1</ativo>
      <ordem>0</ordem>
    </row>
    <row id="67">
      <id>67</id>
      <formid>39</formid>
      <abaid>71</abaid>
      <ativo>1</ativo>
      <ordem>0</ordem>
    </row>
    <row id="69">
      <id>69</id>
      <formid>38</formid>
      <abaid>73</abaid>
      <ativo>1</ativo>
      <ordem>0</ordem>
    </row>
    <row id="70">
      <id>70</id>
      <formid>40</formid>
      <abaid>74</abaid>
      <ativo>1</ativo>
      <ordem>0</ordem>
    </row>
    <row id="71">
      <id>71</id>
      <formid>41</formid>
      <abaid>75</abaid>
      <ativo>1</ativo>
      <ordem>0</ordem>
    </row>
    <row id="72">
      <id>72</id>
      <formid>41</formid>
      <abaid>76</abaid>
      <ativo>1</ativo>
      <ordem>0</ordem>
    </row>
    <row id="74">
      <id>74</id>
      <formid>44</formid>
      <abaid>78</abaid>
      <ativo>1</ativo>
      <ordem>0</ordem>
    </row>
    <row id="75">
      <id>75</id>
      <formid>44</formid>
      <abaid>79</abaid>
      <ativo>1</ativo>
      <ordem>0</ordem>
    </row>
    <row id="76">
      <id>76</id>
      <formid>46</formid>
      <abaid>80</abaid>
      <ativo>1</ativo>
      <ordem>0</ordem>
    </row>
    <row id="77">
      <id>77</id>
      <formid>46</formid>
      <abaid>81</abaid>
      <ativo>1</ativo>
      <ordem>0</ordem>
    </row>
    <row id="78">
      <id>78</id>
      <formid>46</formid>
      <abaid>82</abaid>
      <ativo>1</ativo>
      <ordem>0</ordem>
    </row>
    <row id="79">
      <id>79</id>
      <formid>46</formid>
      <abaid>83</abaid>
      <ativo>1</ativo>
      <ordem>0</ordem>
    </row>
    <row id="80">
      <id>80</id>
      <formid>46</formid>
      <abaid>84</abaid>
      <ativo>1</ativo>
      <ordem>0</ordem>
    </row>
    <row id="81">
      <id>81</id>
      <formid>46</formid>
      <abaid>85</abaid>
      <ativo>1</ativo>
      <ordem>0</ordem>
    </row>
    <row id="82">
      <id>82</id>
      <formid>46</formid>
      <abaid>86</abaid>
      <ativo>1</ativo>
      <ordem>0</ordem>
    </row>
    <row id="83">
      <id>83</id>
      <formid>47</formid>
      <abaid>87</abaid>
      <ativo>1</ativo>
      <ordem>0</ordem>
    </row>
    <row id="85">
      <id>85</id>
      <formid>49</formid>
      <abaid>89</abaid>
      <ativo>1</ativo>
      <ordem>0</ordem>
    </row>
    <row id="86">
      <id>86</id>
      <formid>49</formid>
      <abaid>90</abaid>
      <ativo>1</ativo>
      <ordem>0</ordem>
    </row>
    <row id="87">
      <id>87</id>
      <formid>50</formid>
      <abaid>91</abaid>
      <ativo>1</ativo>
      <ordem>0</ordem>
    </row>
    <row id="89">
      <id>89</id>
      <formid>52</formid>
      <abaid>93</abaid>
      <ativo>1</ativo>
      <ordem>0</ordem>
    </row>
    <row id="90">
      <id>90</id>
      <formid>53</formid>
      <abaid>94</abaid>
      <ativo>1</ativo>
      <ordem>0</ordem>
    </row>
    <row id="91">
      <id>91</id>
      <formid>54</formid>
      <abaid>95</abaid>
      <ativo>1</ativo>
      <ordem>0</ordem>
    </row>
    <row id="96">
      <id>96</id>
      <formid>20</formid>
      <abaid>200</abaid>
      <ativo>1</ativo>
      <ordem>0</ordem>
    </row>
    <row id="97">
      <id>97</id>
      <formid>20</formid>
      <abaid>201</abaid>
      <ativo>1</ativo>
      <ordem>0</ordem>
    </row>
    <row id="98">
      <id>98</id>
      <formid>20</formid>
      <abaid>202</abaid>
      <ativo>1</ativo>
      <ordem>0</ordem>
    </row>
    <row id="99">
      <id>99</id>
      <formid>57</formid>
      <abaid>203</abaid>
      <ativo>1</ativo>
      <ordem>0</ordem>
    </row>
    <row id="100">
      <id>100</id>
      <formid>57</formid>
      <abaid>204</abaid>
      <ativo>1</ativo>
      <ordem>0</ordem>
    </row>
    <row id="101">
      <id>101</id>
      <formid>57</formid>
      <abaid>205</abaid>
      <ativo>1</ativo>
      <ordem>0</ordem>
    </row>
    <row id="102">
      <id>102</id>
      <formid>57</formid>
      <abaid>206</abaid>
      <ativo>1</ativo>
      <ordem>0</ordem>
    </row>
    <row id="103">
      <id>103</id>
      <formid>57</formid>
      <abaid>207</abaid>
      <ativo>1</ativo>
      <ordem>0</ordem>
    </row>
    <row id="104">
      <id>104</id>
      <formid>57</formid>
      <abaid>208</abaid>
      <ativo>1</ativo>
      <ordem>0</ordem>
    </row>
    <row id="105">
      <id>105</id>
      <formid>57</formid>
      <abaid>209</abaid>
      <ativo>1</ativo>
      <ordem>0</ordem>
    </row>
    <row id="116">
      <id>116</id>
      <formid>61</formid>
      <abaid>216</abaid>
      <ativo>1</ativo>
      <ordem>0</ordem>
    </row>
    <row id="117">
      <id>117</id>
      <formid>62</formid>
      <abaid>217</abaid>
      <ativo>1</ativo>
      <ordem>0</ordem>
    </row>
    <row id="120">
      <id>120</id>
      <formid>43</formid>
      <abaid>24</abaid>
      <ativo>1</ativo>
      <ordem>0</ordem>
    </row>
    <row id="121">
      <id>121</id>
      <formid>64</formid>
      <abaid>220</abaid>
      <ativo>1</ativo>
      <ordem>0</ordem>
    </row>
    <row id="122">
      <id>122</id>
      <formid>67</formid>
      <abaid>221</abaid>
      <ativo>1</ativo>
      <ordem>1</ordem>
    </row>
    <row id="124">
      <id>124</id>
      <formid>67</formid>
      <abaid>223</abaid>
      <ativo>1</ativo>
      <ordem>2</ordem>
    </row>
    <row id="135">
      <id>135</id>
      <formid>76</formid>
      <abaid>230</abaid>
      <ativo>1</ativo>
      <ordem>0</ordem>
    </row>
    <row id="126">
      <id>126</id>
      <formid>71</formid>
      <abaid>1</abaid>
      <ativo>1</ativo>
      <ordem>0</ordem>
    </row>
    <row id="127">
      <id>127</id>
      <formid>71</formid>
      <abaid>2</abaid>
      <ativo>1</ativo>
      <ordem>0</ordem>
    </row>
    <row id="128">
      <id>128</id>
      <formid>71</formid>
      <abaid>3</abaid>
      <ativo>1</ativo>
      <ordem>0</ordem>
    </row>
    <row id="129">
      <id>129</id>
      <formid>71</formid>
      <abaid>4</abaid>
      <ativo>1</ativo>
      <ordem>0</ordem>
    </row>
    <row id="130">
      <id>130</id>
      <formid>71</formid>
      <abaid>225</abaid>
      <ativo>1</ativo>
      <ordem>0</ordem>
    </row>
    <row id="131">
      <id>131</id>
      <formid>72</formid>
      <abaid>222</abaid>
      <ativo>1</ativo>
      <ordem>1</ordem>
    </row>
    <row id="132">
      <id>132</id>
      <formid>72</formid>
      <abaid>226</abaid>
      <ativo>1</ativo>
      <ordem>2</ordem>
    </row>
    <row id="136">
      <id>136</id>
      <formid>77</formid>
      <abaid>231</abaid>
      <ativo>1</ativo>
      <ordem>1</ordem>
    </row>
    <row id="139">
      <id>139</id>
      <formid>78</formid>
      <abaid>234</abaid>
      <ativo>1</ativo>
      <ordem>0</ordem>
    </row>
    <row id="140">
      <id>140</id>
      <formid>29</formid>
      <abaid>64</abaid>
      <ativo>1</ativo>
      <ordem>1</ordem>
    </row>
    <row id="141">
      <id>141</id>
      <formid>83</formid>
      <abaid>239</abaid>
      <ativo>1</ativo>
      <ordem>1</ordem>
    </row>
    <row id="143">
      <id>143</id>
      <formid>84</formid>
      <abaid>241</abaid>
      <ativo>1</ativo>
      <ordem>0</ordem>
    </row>
    <row id="145">
      <id>145</id>
      <formid>84</formid>
      <abaid>243</abaid>
      <ativo>1</ativo>
      <ordem>0</ordem>
    </row>
    <row id="146">
      <id>146</id>
      <formid>27</formid>
      <abaid>244</abaid>
      <ativo>1</ativo>
      <ordem>2</ordem>
    </row>
    <row id="147">
      <id>147</id>
      <formid>85</formid>
      <abaid>245</abaid>
      <ativo>1</ativo>
      <ordem>1</ordem>
    </row>
    <row id="148">
      <id>148</id>
      <formid>7</formid>
      <abaid>246</abaid>
      <ativo>1</ativo>
      <ordem>0</ordem>
    </row>
    <row id="150">
      <id>150</id>
      <formid>87</formid>
      <abaid>18</abaid>
      <ativo>1</ativo>
      <ordem>0</ordem>
    </row>
    <row id="151">
      <id>151</id>
      <formid>87</formid>
      <abaid>249</abaid>
      <ativo>1</ativo>
      <ordem>0</ordem>
    </row>
    <row id="152">
      <id>152</id>
      <formid>87</formid>
      <abaid>34</abaid>
      <ativo>1</ativo>
      <ordem>0</ordem>
    </row>
    <row id="153">
      <id>153</id>
      <formid>87</formid>
      <abaid>88</abaid>
      <ativo>1</ativo>
      <ordem>0</ordem>
    </row>
    <row id="154">
      <id>154</id>
      <formid>89</formid>
      <abaid>250</abaid>
      <ativo>1</ativo>
      <ordem>1</ordem>
    </row>
    <row id="155">
      <id>155</id>
      <formid>89</formid>
      <abaid>251</abaid>
      <ativo>1</ativo>
      <ordem>2</ordem>
    </row>
    <row id="156">
      <id>156</id>
      <formid>89</formid>
      <abaid>252</abaid>
      <ativo>1</ativo>
      <ordem>3</ordem>
    </row>
    <row id="19">
      <id>19</id>
      <formid>5</formid>
      <abaid>55</abaid>
      <ativo>1</ativo>
      <ordem>3</ordem>
    </row>
    <row id="18">
      <id>18</id>
      <formid>5</formid>
      <abaid>20</abaid>
      <ativo>1</ativo>
      <ordem>1</ordem>
    </row>
    <row id="32">
      <id>32</id>
      <formid>5</formid>
      <abaid>34</abaid>
      <ativo>1</ativo>
      <ordem>4</ordem>
    </row>
    <row id="3">
      <id>3</id>
      <formid>1</formid>
      <abaid>2</abaid>
      <ativo>1</ativo>
      <ordem>2</ordem>
    </row>
    <row id="51">
      <id>51</id>
      <formid>5</formid>
      <abaid>21</abaid>
      <ativo>1</ativo>
      <ordem>2</ordem>
    </row>
    <row id="1">
      <id>1</id>
      <formid>1</formid>
      <abaid>1</abaid>
      <ativo>1</ativo>
      <ordem>1</ordem>
    </row>
    <row id="2">
      <id>2</id>
      <formid>1</formid>
      <abaid>3</abaid>
      <ativo>1</ativo>
      <ordem>3</ordem>
    </row>
    <row id="137">
      <id>137</id>
      <formid>77</formid>
      <abaid>232</abaid>
      <ativo>0</ativo>
      <ordem>2</ordem>
    </row>
    <row id="84">
      <id>84</id>
      <formid>5</formid>
      <abaid>88</abaid>
      <ativo>0</ativo>
      <ordem>5</ordem>
    </row>
    <row id="157">
      <id>157</id>
      <formid>90</formid>
      <abaid>253</abaid>
      <ativo>1</ativo>
      <ordem>1</ordem>
    </row>
    <row id="111">
      <id>111</id>
      <formid>59</formid>
      <abaid>211</abaid>
      <ativo>1</ativo>
      <ordem>1</ordem>
    </row>
    <row id="158">
      <id>158</id>
      <formid>260</formid>
      <abaid>254</abaid>
      <ativo>1</ativo>
      <ordem>1</ordem>
    </row>
    <row id="110">
      <id>110</id>
      <formid>58</formid>
      <abaid>40</abaid>
      <ativo>1</ativo>
      <ordem>2</ordem>
    </row>
    <row id="38">
      <id>38</id>
      <formid>18</formid>
      <abaid>264</abaid>
      <ativo>1</ativo>
      <ordem>3</ordem>
    </row>
    <row id="34">
      <id>34</id>
      <formid>18</formid>
      <abaid>265</abaid>
      <ativo>1</ativo>
      <ordem>1</ordem>
    </row>
    <row id="159">
      <id>159</id>
      <formid>58</formid>
      <abaid>255</abaid>
      <ativo>1</ativo>
      <ordem>1</ordem>
    </row>
    <row id="160">
      <id>160</id>
      <formid>261</formid>
      <abaid>256</abaid>
      <ativo>1</ativo>
      <ordem>1</ordem>
    </row>
    <row id="162">
      <id>162</id>
      <formid>83</formid>
      <abaid>258</abaid>
      <ativo>1</ativo>
      <ordem>3</ordem>
    </row>
    <row id="163">
      <id>163</id>
      <formid>270</formid>
      <abaid>259</abaid>
      <ativo>1</ativo>
      <ordem>1</ordem>
    </row>
    <row id="142">
      <id>142</id>
      <formid>83</formid>
      <abaid>240</abaid>
      <ativo>1</ativo>
      <ordem>4</ordem>
    </row>
    <row id="161">
      <id>161</id>
      <formid>83</formid>
      <abaid>257</abaid>
      <ativo>1</ativo>
      <ordem>2</ordem>
    </row>
    <row id="164">
      <id>164</id>
      <formid>266</formid>
      <abaid>261</abaid>
      <ativo>1</ativo>
      <ordem>1</ordem>
    </row>
    <row id="165">
      <id>165</id>
      <formid>264</formid>
      <abaid>260</abaid>
      <ativo>1</ativo>
      <ordem>1</ordem>
    </row>
    <row id="166">
      <id>166</id>
      <formid>267</formid>
      <abaid>262</abaid>
      <ativo>1</ativo>
      <ordem>1</ordem>
    </row>
    <row id="6">
      <id>6</id>
      <formid>14</formid>
      <abaid>6</abaid>
      <ativo>1</ativo>
      <ordem>2</ordem>
    </row>
    <row id="5">
      <id>5</id>
      <formid>14</formid>
      <abaid>33</abaid>
      <ativo>1</ativo>
      <ordem>1</ordem>
    </row>
    <row id="107">
      <id>107</id>
      <formid>58</formid>
      <abaid>41</abaid>
      <ativo>1</ativo>
      <ordem>3</ordem>
    </row>
    <row id="35">
      <id>35</id>
      <formid>18</formid>
      <abaid>263</abaid>
      <ativo>1</ativo>
      <ordem>2</ordem>
    </row>
    <row id="119">
      <id>119</id>
      <formid>5</formid>
      <abaid>219</abaid>
      <ativo>0</ativo>
      <ordem>6</ordem>
    </row>
    <row id="7">
      <id>7</id>
      <formid>320</formid>
      <abaid>266</abaid>
      <ativo>1</ativo>
      <ordem>1</ordem>
    </row>
    <row id="11">
      <id>11</id>
      <formid>63</formid>
      <abaid>218</abaid>
      <ativo>1</ativo>
      <ordem>0</ordem>
    </row>
    <row id="28">
      <id>28</id>
      <formid>12</formid>
      <abaid>30</abaid>
      <ativo>1</ativo>
      <ordem>1</ordem>
    </row>
    <row id="169">
      <id>169</id>
      <formid>63</formid>
      <abaid>269</abaid>
      <ativo>1</ativo>
      <ordem>2</ordem>
    </row>
    <row id="134">
      <id>134</id>
      <formid>75</formid>
      <abaid>228</abaid>
      <ativo>1</ativo>
      <ordem>1</ordem>
    </row>
    <row id="170">
      <id>170</id>
      <formid>75</formid>
      <abaid>270</abaid>
      <ativo>1</ativo>
      <ordem>2</ordem>
    </row>
    <row id="171">
      <id>171</id>
      <formid>75</formid>
      <abaid>271</abaid>
      <ativo>1</ativo>
      <ordem>3</ordem>
    </row>
    <row id="20">
      <id>20</id>
      <formid>332</formid>
      <abaid>272</abaid>
      <ativo>1</ativo>
      <ordem>1</ordem>
    </row>
    <row id="29">
      <id>29</id>
      <formid>13</formid>
      <abaid>31</abaid>
      <ativo>1</ativo>
      <ordem>1</ordem>
    </row>
    <row id="30">
      <id>30</id>
      <formid>13</formid>
      <abaid>274</abaid>
      <ativo>1</ativo>
      <ordem>2</ordem>
    </row>
    <row id="23">
      <id>23</id>
      <formid>333</formid>
      <abaid>32</abaid>
      <ativo>1</ativo>
      <ordem>1</ordem>
    </row>
    <row id="172">
      <id>172</id>
      <formid>333</formid>
      <abaid>273</abaid>
      <ativo>1</ativo>
      <ordem>2</ordem>
    </row>
    <row id="113">
      <id>113</id>
      <formid>60</formid>
      <abaid>213</abaid>
      <ativo>1</ativo>
      <ordem>2</ordem>
    </row>
    <row id="115">
      <id>115</id>
      <formid>60</formid>
      <abaid>215</abaid>
      <ativo>1</ativo>
      <ordem>4</ordem>
    </row>
    <row id="173">
      <id>173</id>
      <formid>334</formid>
      <abaid>275</abaid>
      <ativo>1</ativo>
      <ordem>1</ordem>
    </row>
    <row id="174">
      <id>174</id>
      <formid>335</formid>
      <abaid>276</abaid>
      <ativo>1</ativo>
      <ordem>1</ordem>
    </row>
    <row id="175">
      <id>175</id>
      <formid>336</formid>
      <abaid>277</abaid>
      <ativo>1</ativo>
      <ordem>1</ordem>
    </row>
    <row id="176">
      <id>176</id>
      <formid>337</formid>
      <abaid>278</abaid>
      <ativo>1</ativo>
      <ordem>1</ordem>
    </row>
    <row id="73">
      <id>73</id>
      <formid>1</formid>
      <abaid>77</abaid>
      <ativo>1</ativo>
      <ordem>5</ordem>
    </row>
    <row id="177">
      <id>177</id>
      <formid>338</formid>
      <abaid>279</abaid>
      <ativo>1</ativo>
      <ordem>1</ordem>
    </row>
    <row id="178">
      <id>178</id>
      <formid>339</formid>
      <abaid>280</abaid>
      <ativo>1</ativo>
      <ordem>1</ordem>
    </row>
    <row id="179">
      <id>179</id>
      <formid>340</formid>
      <abaid>281</abaid>
      <ativo>1</ativo>
      <ordem>1</ordem>
    </row>
    <row id="149">
      <id>149</id>
      <formid>0</formid>
      <abaid>248</abaid>
      <ativo>0</ativo>
      <ordem>4</ordem>
    </row>
    <row id="106">
      <id>106</id>
      <formid>459</formid>
      <abaid>210</abaid>
      <ativo>1</ativo>
      <ordem>2</ordem>
    </row>
    <row id="180">
      <id>180</id>
      <formid>341</formid>
      <abaid>282</abaid>
      <ativo>1</ativo>
      <ordem>1</ordem>
    </row>
    <row id="181">
      <id>181</id>
      <formid>342</formid>
      <abaid>283</abaid>
      <ativo>1</ativo>
      <ordem>1</ordem>
    </row>
    <row id="182">
      <id>182</id>
      <formid>343</formid>
      <abaid>284</abaid>
      <ativo>1</ativo>
      <ordem>1</ordem>
    </row>
    <row id="43">
      <id>43</id>
      <formid>6</formid>
      <abaid>46</abaid>
      <ativo>1</ativo>
      <ordem>2</ordem>
    </row>
    <row id="50">
      <id>50</id>
      <formid>6</formid>
      <abaid>54</abaid>
      <ativo>1</ativo>
      <ordem>4</ordem>
    </row>
    <row id="88">
      <id>88</id>
      <formid>6</formid>
      <abaid>92</abaid>
      <ativo>0</ativo>
      <ordem>5</ordem>
    </row>
    <row id="183">
      <id>183</id>
      <formid>344</formid>
      <abaid>285</abaid>
      <ativo>1</ativo>
      <ordem>1</ordem>
    </row>
    <row id="184">
      <id>184</id>
      <formid>345</formid>
      <abaid>286</abaid>
      <ativo>1</ativo>
      <ordem>1</ordem>
    </row>
    <row id="12">
      <id>12</id>
      <formid>3</formid>
      <abaid>13</abaid>
      <ativo>1</ativo>
      <ordem>2</ordem>
    </row>
    <row id="13">
      <id>13</id>
      <formid>3</formid>
      <abaid>14</abaid>
      <ativo>1</ativo>
      <ordem>4</ordem>
    </row>
    <row id="14">
      <id>14</id>
      <formid>3</formid>
      <abaid>15</abaid>
      <ativo>1</ativo>
      <ordem>5</ordem>
    </row>
    <row id="185">
      <id>185</id>
      <formid>346</formid>
      <abaid>287</abaid>
      <ativo>1</ativo>
      <ordem>1</ordem>
    </row>
    <row id="186">
      <id>186</id>
      <formid>347</formid>
      <abaid>288</abaid>
      <ativo>1</ativo>
      <ordem>1</ordem>
    </row>
    <row id="187">
      <id>187</id>
      <formid>348</formid>
      <abaid>289</abaid>
      <ativo>1</ativo>
      <ordem>1</ordem>
    </row>
    <row id="188">
      <id>188</id>
      <formid>349</formid>
      <abaid>290</abaid>
      <ativo>1</ativo>
      <ordem>1</ordem>
    </row>
    <row id="189">
      <id>189</id>
      <formid>350</formid>
      <abaid>291</abaid>
      <ativo>1</ativo>
      <ordem>1</ordem>
    </row>
    <row id="190">
      <id>190</id>
      <formid>351</formid>
      <abaid>292</abaid>
      <ativo>1</ativo>
      <ordem>1</ordem>
    </row>
    <row id="191">
      <id>191</id>
      <formid>352</formid>
      <abaid>293</abaid>
      <ativo>1</ativo>
      <ordem>1</ordem>
    </row>
    <row id="192">
      <id>192</id>
      <formid>353</formid>
      <abaid>294</abaid>
      <ativo>1</ativo>
      <ordem>1</ordem>
    </row>
    <row id="193">
      <id>193</id>
      <formid>354</formid>
      <abaid>295</abaid>
      <ativo>1</ativo>
      <ordem>1</ordem>
    </row>
    <row id="194">
      <id>194</id>
      <formid>355</formid>
      <abaid>296</abaid>
      <ativo>1</ativo>
      <ordem>1</ordem>
    </row>
    <row id="195">
      <id>195</id>
      <formid>356</formid>
      <abaid>297</abaid>
      <ativo>1</ativo>
      <ordem>1</ordem>
    </row>
    <row id="196">
      <id>196</id>
      <formid>357</formid>
      <abaid>298</abaid>
      <ativo>1</ativo>
      <ordem>1</ordem>
    </row>
    <row id="197">
      <id>197</id>
      <formid>358</formid>
      <abaid>299</abaid>
      <ativo>1</ativo>
      <ordem>1</ordem>
    </row>
    <row id="198">
      <id>198</id>
      <formid>359</formid>
      <abaid>300</abaid>
      <ativo>1</ativo>
      <ordem>1</ordem>
    </row>
    <row id="199">
      <id>199</id>
      <formid>360</formid>
      <abaid>301</abaid>
      <ativo>1</ativo>
      <ordem>1</ordem>
    </row>
    <row id="200">
      <id>200</id>
      <formid>361</formid>
      <abaid>302</abaid>
      <ativo>1</ativo>
      <ordem>1</ordem>
    </row>
    <row id="201">
      <id>201</id>
      <formid>362</formid>
      <abaid>303</abaid>
      <ativo>1</ativo>
      <ordem>1</ordem>
    </row>
    <row id="202">
      <id>202</id>
      <formid>363</formid>
      <abaid>304</abaid>
      <ativo>1</ativo>
      <ordem>1</ordem>
    </row>
    <row id="203">
      <id>203</id>
      <formid>364</formid>
      <abaid>305</abaid>
      <ativo>1</ativo>
      <ordem>1</ordem>
    </row>
    <row id="204">
      <id>204</id>
      <formid>365</formid>
      <abaid>306</abaid>
      <ativo>1</ativo>
      <ordem>1</ordem>
    </row>
    <row id="205">
      <id>205</id>
      <formid>366</formid>
      <abaid>307</abaid>
      <ativo>1</ativo>
      <ordem>1</ordem>
    </row>
    <row id="206">
      <id>206</id>
      <formid>367</formid>
      <abaid>308</abaid>
      <ativo>1</ativo>
      <ordem>1</ordem>
    </row>
    <row id="207">
      <id>207</id>
      <formid>368</formid>
      <abaid>309</abaid>
      <ativo>1</ativo>
      <ordem>1</ordem>
    </row>
    <row id="208">
      <id>208</id>
      <formid>369</formid>
      <abaid>310</abaid>
      <ativo>1</ativo>
      <ordem>1</ordem>
    </row>
    <row id="209">
      <id>209</id>
      <formid>370</formid>
      <abaid>311</abaid>
      <ativo>1</ativo>
      <ordem>1</ordem>
    </row>
    <row id="210">
      <id>210</id>
      <formid>371</formid>
      <abaid>312</abaid>
      <ativo>1</ativo>
      <ordem>1</ordem>
    </row>
    <row id="212">
      <id>212</id>
      <formid>373</formid>
      <abaid>314</abaid>
      <ativo>1</ativo>
      <ordem>1</ordem>
    </row>
    <row id="213">
      <id>213</id>
      <formid>374</formid>
      <abaid>315</abaid>
      <ativo>1</ativo>
      <ordem>1</ordem>
    </row>
    <row id="214">
      <id>214</id>
      <formid>375</formid>
      <abaid>316</abaid>
      <ativo>1</ativo>
      <ordem>1</ordem>
    </row>
    <row id="215">
      <id>215</id>
      <formid>376</formid>
      <abaid>317</abaid>
      <ativo>1</ativo>
      <ordem>1</ordem>
    </row>
    <row id="216">
      <id>216</id>
      <formid>377</formid>
      <abaid>318</abaid>
      <ativo>1</ativo>
      <ordem>1</ordem>
    </row>
    <row id="217">
      <id>217</id>
      <formid>378</formid>
      <abaid>319</abaid>
      <ativo>1</ativo>
      <ordem>1</ordem>
    </row>
    <row id="218">
      <id>218</id>
      <formid>379</formid>
      <abaid>320</abaid>
      <ativo>1</ativo>
      <ordem>1</ordem>
    </row>
    <row id="219">
      <id>219</id>
      <formid>72</formid>
      <abaid>321</abaid>
      <ativo>1</ativo>
      <ordem>3</ordem>
    </row>
    <row id="221">
      <id>221</id>
      <formid>383</formid>
      <abaid>323</abaid>
      <ativo>1</ativo>
      <ordem>2</ordem>
    </row>
    <row id="220">
      <id>220</id>
      <formid>383</formid>
      <abaid>322</abaid>
      <ativo>1</ativo>
      <ordem>1</ordem>
    </row>
    <row id="222">
      <id>222</id>
      <formid>389</formid>
      <abaid>31</abaid>
      <ativo>1</ativo>
      <ordem>1</ordem>
    </row>
    <row id="223">
      <id>223</id>
      <formid>389</formid>
      <abaid>274</abaid>
      <ativo>1</ativo>
      <ordem>2</ordem>
    </row>
    <row id="224">
      <id>224</id>
      <formid>390</formid>
      <abaid>32</abaid>
      <ativo>1</ativo>
      <ordem>1</ordem>
    </row>
    <row id="225">
      <id>225</id>
      <formid>390</formid>
      <abaid>273</abaid>
      <ativo>1</ativo>
      <ordem>2</ordem>
    </row>
    <row id="114">
      <id>114</id>
      <formid>60</formid>
      <abaid>214</abaid>
      <ativo>1</ativo>
      <ordem>3</ordem>
    </row>
    <row id="226">
      <id>226</id>
      <formid>397</formid>
      <abaid>324</abaid>
      <ativo>1</ativo>
      <ordem>1</ordem>
    </row>
    <row id="167">
      <id>167</id>
      <formid>399</formid>
      <abaid>268</abaid>
      <ativo>1</ativo>
      <ordem>4</ordem>
    </row>
    <row id="227">
      <id>227</id>
      <formid>328</formid>
      <abaid>325</abaid>
      <ativo>1</ativo>
      <ordem>1</ordem>
    </row>
    <row id="211">
      <id>211</id>
      <formid>372</formid>
      <abaid>317</abaid>
      <ativo>1</ativo>
      <ordem>1</ordem>
    </row>
    <row id="228">
      <id>228</id>
      <formid>403</formid>
      <abaid>326</abaid>
      <ativo>1</ativo>
      <ordem>1</ordem>
    </row>
    <row id="229">
      <id>229</id>
      <formid>404</formid>
      <abaid>327</abaid>
      <ativo>1</ativo>
      <ordem>1</ordem>
    </row>
    <row id="231">
      <id>231</id>
      <formid>405</formid>
      <abaid>329</abaid>
      <ativo>1</ativo>
      <ordem>1</ordem>
    </row>
    <row id="232">
      <id>232</id>
      <formid>406</formid>
      <abaid>330</abaid>
      <ativo>1</ativo>
      <ordem>1</ordem>
    </row>
    <row id="233">
      <id>233</id>
      <formid>407</formid>
      <abaid>331</abaid>
      <ativo>1</ativo>
      <ordem>1</ordem>
    </row>
    <row id="234">
      <id>234</id>
      <formid>405</formid>
      <abaid>332</abaid>
      <ativo>1</ativo>
      <ordem>2</ordem>
    </row>
    <row id="235">
      <id>235</id>
      <formid>406</formid>
      <abaid>333</abaid>
      <ativo>1</ativo>
      <ordem>2</ordem>
    </row>
    <row id="236">
      <id>236</id>
      <formid>407</formid>
      <abaid>334</abaid>
      <ativo>1</ativo>
      <ordem>2</ordem>
    </row>
    <row id="239">
      <id>239</id>
      <formid>413</formid>
      <abaid>337</abaid>
      <ativo>1</ativo>
      <ordem>1</ordem>
    </row>
    <row id="240">
      <id>240</id>
      <formid>418</formid>
      <abaid>338</abaid>
      <ativo>1</ativo>
      <ordem>1</ordem>
    </row>
    <row id="241">
      <id>241</id>
      <formid>418</formid>
      <abaid>339</abaid>
      <ativo>1</ativo>
      <ordem>2</ordem>
    </row>
    <row id="242">
      <id>242</id>
      <formid>78</formid>
      <abaid>340</abaid>
      <ativo>1</ativo>
      <ordem>2</ordem>
    </row>
    <row id="243">
      <id>243</id>
      <formid>1</formid>
      <abaid>341</abaid>
      <ativo>1</ativo>
      <ordem>6</ordem>
    </row>
    <row id="244">
      <id>244</id>
      <formid>426</formid>
      <abaid>342</abaid>
      <ativo>1</ativo>
      <ordem>0</ordem>
    </row>
    <row id="245">
      <id>245</id>
      <formid>428</formid>
      <abaid>343</abaid>
      <ativo>1</ativo>
      <ordem>0</ordem>
    </row>
    <row id="246">
      <id>246</id>
      <formid>429</formid>
      <abaid>344</abaid>
      <ativo>1</ativo>
      <ordem>1</ordem>
    </row>
    <row id="247">
      <id>247</id>
      <formid>431</formid>
      <abaid>345</abaid>
      <ativo>1</ativo>
      <ordem>0</ordem>
    </row>
    <row id="248">
      <id>248</id>
      <formid>432</formid>
      <abaid>346</abaid>
      <ativo>1</ativo>
      <ordem>0</ordem>
    </row>
    <row id="249">
      <id>249</id>
      <formid>433</formid>
      <abaid>347</abaid>
      <ativo>1</ativo>
      <ordem>0</ordem>
    </row>
    <row id="250">
      <id>250</id>
      <formid>434</formid>
      <abaid>348</abaid>
      <ativo>1</ativo>
      <ordem>0</ordem>
    </row>
    <row id="251">
      <id>251</id>
      <formid>435</formid>
      <abaid>349</abaid>
      <ativo>1</ativo>
      <ordem>0</ordem>
    </row>
    <row id="252">
      <id>252</id>
      <formid>436</formid>
      <abaid>350</abaid>
      <ativo>1</ativo>
      <ordem>0</ordem>
    </row>
    <row id="253">
      <id>253</id>
      <formid>437</formid>
      <abaid>351</abaid>
      <ativo>1</ativo>
      <ordem>0</ordem>
    </row>
    <row id="254">
      <id>254</id>
      <formid>438</formid>
      <abaid>352</abaid>
      <ativo>1</ativo>
      <ordem>0</ordem>
    </row>
    <row id="255">
      <id>255</id>
      <formid>439</formid>
      <abaid>353</abaid>
      <ativo>1</ativo>
      <ordem>0</ordem>
    </row>
    <row id="256">
      <id>256</id>
      <formid>440</formid>
      <abaid>354</abaid>
      <ativo>1</ativo>
      <ordem>0</ordem>
    </row>
    <row id="257">
      <id>257</id>
      <formid>441</formid>
      <abaid>355</abaid>
      <ativo>1</ativo>
      <ordem>0</ordem>
    </row>
    <row id="258">
      <id>258</id>
      <formid>442</formid>
      <abaid>356</abaid>
      <ativo>1</ativo>
      <ordem>0</ordem>
    </row>
    <row id="259">
      <id>259</id>
      <formid>444</formid>
      <abaid>358</abaid>
      <ativo>1</ativo>
      <ordem>0</ordem>
    </row>
    <row id="261">
      <id>261</id>
      <formid>446</formid>
      <abaid>360</abaid>
      <ativo>1</ativo>
      <ordem>1</ordem>
    </row>
    <row id="262">
      <id>262</id>
      <formid>320</formid>
      <abaid>361</abaid>
      <ativo>1</ativo>
      <ordem>2</ordem>
    </row>
    <row id="263">
      <id>263</id>
      <formid>448</formid>
      <abaid>362</abaid>
      <ativo>1</ativo>
      <ordem>1</ordem>
    </row>
    <row id="264">
      <id>264</id>
      <formid>67</formid>
      <abaid>363</abaid>
      <ativo>1</ativo>
      <ordem>3</ordem>
    </row>
    <row id="265">
      <id>265</id>
      <formid>450</formid>
      <abaid>364</abaid>
      <ativo>1</ativo>
      <ordem>1</ordem>
    </row>
    <row id="266">
      <id>266</id>
      <formid>5</formid>
      <abaid>365</abaid>
      <ativo>1</ativo>
      <ordem>8</ordem>
    </row>
    <row id="267">
      <id>267</id>
      <formid>452</formid>
      <abaid>366</abaid>
      <ativo>1</ativo>
      <ordem>1</ordem>
    </row>
    <row id="268">
      <id>268</id>
      <formid>454</formid>
      <abaid>367</abaid>
      <ativo>1</ativo>
      <ordem>1</ordem>
    </row>
    <row id="68">
      <id>68</id>
      <formid>15</formid>
      <abaid>72</abaid>
      <ativo>1</ativo>
      <ordem>1</ordem>
    </row>
    <row id="237">
      <id>237</id>
      <formid>460</formid>
      <abaid>335</abaid>
      <ativo>1</ativo>
      <ordem>6</ordem>
    </row>
    <row id="138">
      <id>138</id>
      <formid>0</formid>
      <abaid>233</abaid>
      <ativo>0</ativo>
      <ordem>3</ordem>
    </row>
    <row id="269">
      <id>269</id>
      <formid>463</formid>
      <abaid>368</abaid>
      <ativo>1</ativo>
      <ordem>1</ordem>
    </row>
    <row id="270">
      <id>270</id>
      <formid>464</formid>
      <abaid>369</abaid>
      <ativo>1</ativo>
      <ordem>1</ordem>
    </row>
    <row id="271">
      <id>271</id>
      <formid>18</formid>
      <abaid>370</abaid>
      <ativo>1</ativo>
      <ordem>2</ordem>
    </row>
    <row id="272">
      <id>272</id>
      <formid>58</formid>
      <abaid>371</abaid>
      <ativo>1</ativo>
      <ordem>2</ordem>
    </row>
    <row id="273">
      <id>273</id>
      <formid>471</formid>
      <abaid>372</abaid>
      <ativo>1</ativo>
      <ordem>1</ordem>
    </row>
    <row id="274">
      <id>274</id>
      <formid>472</formid>
      <abaid>373</abaid>
      <ativo>1</ativo>
      <ordem>1</ordem>
    </row>
    <row id="275">
      <id>275</id>
      <formid>473</formid>
      <abaid>374</abaid>
      <ativo>1</ativo>
      <ordem>1</ordem>
    </row>
    <row id="276">
      <id>276</id>
      <formid>474</formid>
      <abaid>375</abaid>
      <ativo>1</ativo>
      <ordem>1</ordem>
    </row>
    <row id="277">
      <id>277</id>
      <formid>475</formid>
      <abaid>18</abaid>
      <ativo>1</ativo>
      <ordem>0</ordem>
    </row>
    <row id="278">
      <id>278</id>
      <formid>475</formid>
      <abaid>376</abaid>
      <ativo>1</ativo>
      <ordem>0</ordem>
    </row>
    <row id="42">
      <id>42</id>
      <formid>6</formid>
      <abaid>45</abaid>
      <ativo>1</ativo>
      <ordem>1</ordem>
    </row>
    <row id="49">
      <id>49</id>
      <formid>6</formid>
      <abaid>53</abaid>
      <ativo>1</ativo>
      <ordem>3</ordem>
    </row>
    <row id="230">
      <id>230</id>
      <formid>15</formid>
      <abaid>328</abaid>
      <ativo>0</ativo>
      <ordem>2</ordem>
    </row>
    <row id="279">
      <id>279</id>
      <formid>478</formid>
      <abaid>377</abaid>
      <ativo>1</ativo>
      <ordem>1</ordem>
    </row>
    <row id="280">
      <id>280</id>
      <formid>482</formid>
      <abaid>378</abaid>
      <ativo>1</ativo>
      <ordem>1</ordem>
    </row>
    <row id="281">
      <id>281</id>
      <formid>483</formid>
      <abaid>379</abaid>
      <ativo>1</ativo>
      <ordem>1</ordem>
    </row>
    <row id="10">
      <id>10</id>
      <formid>3</formid>
      <abaid>11</abaid>
      <ativo>1</ativo>
      <ordem>1</ordem>
    </row>
    <row id="15">
      <id>15</id>
      <formid>3</formid>
      <abaid>16</abaid>
      <ativo>1</ativo>
      <ordem>3</ordem>
    </row>
    <row id="238">
      <id>238</id>
      <formid>3</formid>
      <abaid>336</abaid>
      <ativo>1</ativo>
      <ordem>6</ordem>
    </row>
  </formXAbas>
</kernelsys>
