<?xml version="1.0" encoding="UTF-8"?>
<kernelsys>
  <listaActions>
    <row id="2">
      <id>2</id>
      <idlista>163</idlista>
      <tipocampo>TCheckButton</tipocampo>
      <nameAction>onSelect</nameAction>
      <label>Selecionar</label>
      <actionjs>onMarcador</actionjs>
      <metodoexe></metodoexe>
      <confirm></confirm>
      <campoparam>codigo</campoparam>
      <img></img>
      <ordem>1</ordem>
      <ativo>0</ativo>
      <tiporetorno>lista</tiporetorno>
    </row>
    <row id="1">
      <id>1</id>
      <idlista>147</idlista>
      <tipocampo></tipocampo>
      <nameAction>onMatricula</nameAction>
      <label>Efetivar Matrícula</label>
      <actionjs>prossExe</actionjs>
      <metodoexe>onSet</metodoexe>
      <confirm></confirm>
      <campoparam>codigo</campoparam>
      <img>new_ico_set.png</img>
      <ordem>1</ordem>
      <ativo>0</ativo>
      <tiporetorno>form</tiporetorno>
    </row>
    <row id="15">
      <id>15</id>
      <idlista>269</idlista>
      <tipocampo></tipocampo>
      <nameAction>onSetDevolucao</nameAction>
      <label>Devolver</label>
      <actionjs>prossExe</actionjs>
      <metodoexe>onView</metodoexe>
      <confirm>Deseja realmente efetivar a devolução deste livro?</confirm>
      <campoparam>codigo</campoparam>
      <img>new_ico_set.png</img>
      <ordem>1</ordem>
      <ativo>1</ativo>
      <tiporetorno>form</tiporetorno>
    </row>
    <row id="9">
      <id>9</id>
      <idlista>185</idlista>
      <tipocampo></tipocampo>
      <nameAction>onInscricao</nameAction>
      <label>Lançar Inscrição</label>
      <actionjs>prossExe</actionjs>
      <metodoexe>onEdit</metodoexe>
      <confirm></confirm>
      <campoparam>codigo</campoparam>
      <img>new_ico_set.png</img>
      <ordem>0</ordem>
      <ativo>1</ativo>
      <tiporetorno>form</tiporetorno>
    </row>
    <row id="5">
      <id>5</id>
      <idlista>182</idlista>
      <tipocampo></tipocampo>
      <nameAction>onViewTurma</nameAction>
      <label>Visualizar turma</label>
      <actionjs>prossExe</actionjs>
      <metodoexe>onSet</metodoexe>
      <confirm></confirm>
      <campoparam>codigo</campoparam>
      <img>new_ico_set.png</img>
      <ordem>2</ordem>
      <ativo>0</ativo>
      <tiporetorno>form</tiporetorno>
    </row>
    <row id="4">
      <id>4</id>
      <idlista>182</idlista>
      <tipocampo></tipocampo>
      <nameAction>onConfigTurma</nameAction>
      <label>Gerenciar Turma</label>
      <actionjs>selectTurma</actionjs>
      <metodoexe></metodoexe>
      <confirm></confirm>
      <campoparam>codigo</campoparam>
      <img>new_ico_set.png</img>
      <ordem>1</ordem>
      <ativo>0</ativo>
      <tiporetorno>form</tiporetorno>
    </row>
    <row id="6">
      <id>6</id>
      <idlista>193</idlista>
      <tipocampo></tipocampo>
      <nameAction>onDiario</nameAction>
      <label>Atualizar Diário</label>
      <actionjs>prossExe</actionjs>
      <metodoexe>onEdit</metodoexe>
      <confirm></confirm>
      <campoparam>codigo</campoparam>
      <img>new_ico_config.png</img>
      <ordem>0</ordem>
      <ativo>1</ativo>
      <tiporetorno>form</tiporetorno>
    </row>
    <row id="7">
      <id>7</id>
      <idlista>199</idlista>
      <tipocampo></tipocampo>
      <nameAction>onDiarioCoord</nameAction>
      <label>Atualizar Diário</label>
      <actionjs>prossExe</actionjs>
      <metodoexe>onEdit</metodoexe>
      <confirm></confirm>
      <campoparam>codigo</campoparam>
      <img>new_ico_config.png</img>
      <ordem>0</ordem>
      <ativo>1</ativo>
      <tiporetorno>form</tiporetorno>
    </row>
    <row id="10">
      <id>10</id>
      <idlista>217</idlista>
      <tipocampo></tipocampo>
      <nameAction>onListaPresenca</nameAction>
      <label>Lista de Presença</label>
      <actionjs>showListaPresenca</actionjs>
      <metodoexe>onSet</metodoexe>
      <confirm></confirm>
      <campoparam>codigo</campoparam>
      <img>new_ico_print.png</img>
      <ordem>1</ordem>
      <ativo>1</ativo>
      <tiporetorno>form</tiporetorno>
    </row>
    <row id="17">
      <id>17</id>
      <idlista>331</idlista>
      <tipocampo></tipocampo>
      <nameAction>onLivro</nameAction>
      <label>Informações do Livro</label>
      <actionjs>prossExe</actionjs>
      <metodoexe>onEdit</metodoexe>
      <confirm></confirm>
      <campoparam>codigo</campoparam>
      <img>new_ico_view.png</img>
      <ordem>1</ordem>
      <ativo>1</ativo>
      <tiporetorno>form</tiporetorno>
    </row>
    <row id="3">
      <id>3</id>
      <idlista>148</idlista>
      <tipocampo></tipocampo>
      <nameAction>onViewHistorico</nameAction>
      <label>Visualizar</label>
      <actionjs>prossExe</actionjs>
      <metodoexe>onEdit</metodoexe>
      <confirm></confirm>
      <campoparam>codigo</campoparam>
      <img>new_ico_config.png</img>
      <ordem>1</ordem>
      <ativo>1</ativo>
      <tiporetorno>form</tiporetorno>
    </row>
    <row id="18">
      <id>18</id>
      <idlista>425</idlista>
      <tipocampo></tipocampo>
      <nameAction>onComprovante</nameAction>
      <label>Imprimir Comprovante</label>
      <actionjs>showComprovantePagamento</actionjs>
      <metodoexe>onSet</metodoexe>
      <confirm></confirm>
      <campoparam>codigo</campoparam>
      <img>new_ico_print.png</img>
      <ordem>1</ordem>
      <ativo>1</ativo>
      <tiporetorno>form</tiporetorno>
    </row>
    <row id="19">
      <id>19</id>
      <idlista>144</idlista>
      <tipocampo></tipocampo>
      <nameAction>onComprovante</nameAction>
      <label>Imprimir Comprovante</label>
      <actionjs>showComprovantePagamento</actionjs>
      <metodoexe>onSet</metodoexe>
      <confirm></confirm>
      <campoparam>codigo</campoparam>
      <img>new_ico_print.png</img>
      <ordem>2</ordem>
      <ativo>1</ativo>
      <tiporetorno>form</tiporetorno>
    </row>
    <row id="20">
      <id>20</id>
      <idlista>142</idlista>
      <tipocampo></tipocampo>
      <nameAction>showBoleto</nameAction>
      <label>Imprimir Boleto</label>
      <actionjs>showBoletoLst</actionjs>
      <metodoexe>onSet</metodoexe>
      <confirm></confirm>
      <campoparam>codigo</campoparam>
      <img>new_ico_print.png</img>
      <ordem>1</ordem>
      <ativo>1</ativo>
      <tiporetorno>form</tiporetorno>
    </row>
    <row id="21">
      <id>21</id>
      <idlista>457</idlista>
      <tipocampo></tipocampo>
      <nameAction>onViewHistFinanceiro</nameAction>
      <label>Visualizar</label>
      <actionjs>prossExe</actionjs>
      <metodoexe>onEdit</metodoexe>
      <confirm></confirm>
      <campoparam>codigo</campoparam>
      <img>new_ico_config.png</img>
      <ordem>1</ordem>
      <ativo>1</ativo>
      <tiporetorno>form</tiporetorno>
    </row>
    <row id="22">
      <id>22</id>
      <idlista>458</idlista>
      <tipocampo></tipocampo>
      <nameAction>onViewProcAcademicos</nameAction>
      <label>Visualizar</label>
      <actionjs>prossExe</actionjs>
      <metodoexe>onEdit</metodoexe>
      <confirm></confirm>
      <campoparam>codigo</campoparam>
      <img>new_ico_config.png</img>
      <ordem>1</ordem>
      <ativo>1</ativo>
      <tiporetorno>form</tiporetorno>
    </row>
    <row id="23">
      <id>23</id>
      <idlista>217</idlista>
      <tipocampo></tipocampo>
      <nameAction>onAtaAvaliacao</nameAction>
      <label>Ata de Avaliação</label>
      <actionjs>showAtaAvaliacao</actionjs>
      <metodoexe>onSet</metodoexe>
      <confirm></confirm>
      <campoparam>codigo</campoparam>
      <img>new_ico_set.png</img>
      <ordem>2</ordem>
      <ativo>1</ativo>
      <tiporetorno>form</tiporetorno>
    </row>
  </listaActions>
</kernelsys>
