<?xml version="1.0" encoding="UTF-8"?>
<kernelsys>
  <modulosPrincipais>
    <row id="1">
      <id>1</id>
      <modulo>comercial</modulo>
      <labelmodulo>Comercial</labelmodulo>
      <nivel>1</nivel>
      <ordem>1</ordem>
      <ativo>1</ativo>
    </row>
    <row id="2">
      <id>2</id>
      <modulo>secretaria</modulo>
      <labelmodulo>Secretaria</labelmodulo>
      <nivel>1</nivel>
      <ordem>2</ordem>
      <ativo>1</ativo>
    </row>
    <row id="3">
      <id>3</id>
      <modulo>financeiro</modulo>
      <labelmodulo>Financeiro</labelmodulo>
      <nivel>1</nivel>
      <ordem>5</ordem>
      <ativo>1</ativo>
    </row>
    <row id="4">
      <id>4</id>
      <modulo>administrativo</modulo>
      <labelmodulo>Administrativo</labelmodulo>
      <nivel>1</nivel>
      <ordem>4</ordem>
      <ativo>1</ativo>
    </row>
    <row id="5">
      <id>5</id>
      <modulo>rh</modulo>
      <labelmodulo>Recursos Humanos</labelmodulo>
      <nivel>1</nivel>
      <ordem>3</ordem>
      <ativo>1</ativo>
    </row>
    <row id="6">
      <id>6</id>
      <modulo>paramentros</modulo>
      <labelmodulo>Parametros</labelmodulo>
      <nivel>1</nivel>
      <ordem>12</ordem>
      <ativo>0</ativo>
    </row>
    <row id="7">
      <id>7</id>
      <modulo>coordenador</modulo>
      <labelmodulo>Coordenador</labelmodulo>
      <nivel>1</nivel>
      <ordem>7</ordem>
      <ativo>1</ativo>
    </row>
    <row id="12">
      <id>12</id>
      <modulo>biblioteca</modulo>
      <labelmodulo>Biblioteca</labelmodulo>
      <nivel>1</nivel>
      <ordem>10</ordem>
      <ativo>1</ativo>
    </row>
    <row id="13">
      <id>13</id>
      <modulo>academico</modulo>
      <labelmodulo>Acadêmico</labelmodulo>
      <nivel>1</nivel>
      <ordem>6</ordem>
      <ativo>1</ativo>
    </row>
    <row id="8">
      <id>8</id>
      <modulo>questionarios</modulo>
      <labelmodulo>Questionarios</labelmodulo>
      <nivel>1</nivel>
      <ordem>13</ordem>
      <ativo>0</ativo>
    </row>
    <row id="11">
      <id>11</id>
      <modulo>projetos</modulo>
      <labelmodulo>Projetos</labelmodulo>
      <nivel>1</nivel>
      <ordem>11</ordem>
      <ativo>0</ativo>
    </row>
    <row id="9">
      <id>9</id>
      <modulo>professores</modulo>
      <labelmodulo>Professores</labelmodulo>
      <nivel>1</nivel>
      <ordem>8</ordem>
      <ativo>1</ativo>
    </row>
    <row id="10">
      <id>10</id>
      <modulo>alunos</modulo>
      <labelmodulo>Alunos</labelmodulo>
      <nivel>1</nivel>
      <ordem>9</ordem>
      <ativo>1</ativo>
    </row>
  </modulosPrincipais>
</kernelsys>
